smiles,compound,flashpoint,source,pure substance,Family
OC/C=C/CO,"(2E)-but-2-ene-1,4-diol",401.0,Saldana11,1,Alcohols
OC[C@H](O)[C@@H](O)[C@H](O)[C@H](O)CO,"(2R,3R,4R,5S)-hexane-1,2,3,4,5,6-hexol",422.0,Saldana11,1,Alcohols
OCC[C@H](O)CO,"(2S)-butane-1,2,4-triol",385.0,Saldana11,1,Alcohols
OC/C=C\CO,"(2Z)-but-2-ene-1,4-diol",401.0,Saldana11,1,Alcohols
OCCCCCCCC/C=C\C/C=C\C/C=C\CC,"(9Z,12Z,15Z)-octadeca-9,12,15-trien-1-ol",,Saldana11,1,Alcohols
CCCCC/C=C\C/C=C\CCCCCCCCO,"(9Z,12Z)-octadeca-9,12-dien-1-ol",,Saldana11,1,Alcohols
CCCCCC/C=C\CCCCCCCCO,(9Z)-hexadec-9-en-1-ol,,Saldana11,1,Alcohols
CCCCCCCC/C=C\CCCCCCCCO,(9Z)-octadec-9-en-1-ol,,Saldana11,1,Alcohols
CCCCC(CC)(CO)CO,"2-butyl-2-ethylpropane-1,3-diol",386.0,Saldana11,1,Alcohols
CCCCCCC(CO)CCCC,2-butyloctan-1-ol,382.0,Saldana11,1,Alcohols
CCC(CC)CO,2-ethylbutan-1-ol,330.0,Saldana11,1,Alcohols
CCCCC(CC)CO,2-ethylhexan-1-ol,346.0,Saldana11,1,Alcohols
CCCC(O)C(CC)CO,"2-ethylhexane-1,3-diol",409.0,Saldana11,1,Alcohols
CCC(C)CO,2-methylbutan-1-ol,316.0,Saldana11,1,Alcohols
CCC(C)(C)O,2-methylbutan-2-ol,294.0,Saldana11,1,Alcohols
CCCCCC(C)(C)O,2-methylheptan-2-ol,,Saldana11,1,Alcohols
CCCCC(C)(C)O,2-methylhexan-2-ol,,Saldana11,1,Alcohols
CCCCCCCC(C)(C)O,2-methylnonan-2-ol,,Saldana11,1,Alcohols
CCCCCCC(C)(C)O,2-methyloctan-2-ol,,Saldana11,1,Alcohols
CCCC(C)CO,2-methylpentan-1-ol,319.0,Saldana11,1,Alcohols
CCCC(C)(C)O,2-methylpentan-2-ol,,Saldana11,1,Alcohols
CC(O)CC(C)(C)O,"2-methylpentane-2,4-diol",366.0,Saldana11,1,Alcohols
OCC(C)C,2-methylpropan-1-ol,301.0,Saldana11,1,Alcohols
CC(C)(C)O,2-methylpropan-2-ol,284.0,Saldana11,1,Alcohols
OCC(CO)(CO)CO,"2,2-bis(hydroxymethyl)propane-1,3-diol",533.0,Saldana11,1,Alcohols
CCC(CC)(CO)CO,"2,2-diethylpropane-1,3-diol",374.0,Saldana11,1,Alcohols
OCC(C)(C)CO,"2,2-dimethylpropane-1,3-diol",371.0,Saldana11,1,Alcohols
OCC(C)(C)CC(C)C,"2,2,4-trimethylpentan-1-ol",330.0,Saldana11,1,Alcohols
OCC(C)(C)C(O)C(C)C,"2,2,4-trimethylpentane-1,3-diol",383.0,Saldana11,1,Alcohols
CC(C)(O)C(C)(C)O,"2,3-dimethylbutane-2,3-diol",350.0,Saldana11,1,Alcohols
OCC(C)C(C)C(C)C,"2,3,4-trimethylpentan-1-ol",333.0,Saldana11,1,Alcohols
OCC(C)CC(C)(C)C,"2,4,4-trimethylpentan-1-ol",333.0,Saldana11,1,Alcohols
CCCC[C@@H](CC)CO,2(R)-ethylhexan-1-ol,,Saldana11,1,Alcohols
CCCC[C@H](CC)CO,2(S)-ethylhexan-1-ol,,Saldana11,1,Alcohols
OCCC(C)C,3-methylbutan-1-ol,316.0,Saldana11,1,Alcohols
CC(O)C(C)C,3-methylbutan-2-ol,299.0,Saldana11,1,Alcohols
CCCCCCCC(C)(O)CC,3-methyldecan-3-ol,,Saldana11,1,Alcohols
CCCCC(C)(O)CC,3-methylheptan-3-ol,327.0,Saldana11,1,Alcohols
CCCC(C)(O)CC,3-methylhexan-3-ol,,Saldana11,1,Alcohols
CCCCCCC(C)(O)CC,3-methylnonan-3-ol,,Saldana11,1,Alcohols
CCCCCC(C)(O)CC,3-methyloctan-3-ol,,Saldana11,1,Alcohols
OCCC(C)CC,3-methylpentan-1-ol,331.0,Saldana11,1,Alcohols
CCC(C)(O)CC,3-methylpentan-3-ol,297.0,Saldana11,1,Alcohols
OCCC(C)(C)C,"3,3-dimethylbutan-1-ol",321.0,Saldana11,1,Alcohols
CC(C)CC(C)O,4-methylpentan-2-ol,314.0,Saldana11,1,Alcohols
CCC(C)CC(O)CC,5-methylheptan-3-ol,327.0,Saldana11,1,Alcohols
OCCCCCCCC(C)C,8-methylnonan-1-ol,378.0,Saldana11,1,Alcohols
CCCCO,butan-1-ol,310.0,Saldana11,1,Alcohols
CCC(C)O,butan-2-ol,296.0,Saldana11,1,Alcohols
CCCC(O)O,"butane-1,1-diol",,Saldana11,1,Alcohols
CCC(O)CO,"butane-1,2-diol",363.0,Saldana11,1,Alcohols
OCCC(C)O,"butane-1,3-diol",382.0,Saldana11,1,Alcohols
OCCCCO,"butane-1,4-diol",407.0,Saldana11,1,Alcohols
CC(O)C(C)O,"butane-2,3-diol",358.0,Saldana11,1,Alcohols
CCCCCCCCCCO,decan-1-ol,378.0,Saldana11,1,Alcohols
CCCCCCCCC(C)O,decan-2-ol,,Saldana11,1,Alcohols
CCCCCCCC(O)CC,decan-3-ol,,Saldana11,1,Alcohols
CCCCCCC(O)CCC,decan-4-ol,,Saldana11,1,Alcohols
CCCCCCCCCCCCO,dodecan-1-ol,,Saldana11,1,Alcohols
CCCCCCCCCCC(C)O,dodecan-2-ol,,Saldana11,1,Alcohols
CCCCCCCCCC(O)CC,dodecan-3-ol,,Saldana11,1,Alcohols
CCCCCCCCC(O)CCC,dodecan-4-ol,,Saldana11,1,Alcohols
CCCCCCCCCCCCCCCCCCCCO,eicosan-1-ol,,Saldana11,1,Alcohols
CCCCCCCCCCCCCCCCCCC(C)O,eicosan-2-ol,,Saldana11,1,Alcohols
CCCCCCCCCCCCCCCCCC(O)CC,eicosan-3-ol,,Saldana11,1,Alcohols
CCCCCCCCCCCCCCCCC(O)CCC,eicosan-4-ol,,Saldana11,1,Alcohols
OCCO,"ethane-1,2-diol",383.0,Saldana11,1,Alcohols
CCO,ethanol,286.0,Saldana11,1,Alcohols
CCCCCCCCCCCCCCCCCO,heptadecan-1-ol,,Saldana11,1,Alcohols
CCCCCCCCCCCCCCCC(C)O,heptadecan-2-ol,,Saldana11,1,Alcohols
CCCCCCCCCCCCCCC(O)CC,heptadecan-3-ol,,Saldana11,1,Alcohols
CCCCCCCCCCCCCC(O)CCC,heptadecan-4-ol,,Saldana11,1,Alcohols
CCCCCCCO,heptan-1-ol,346.0,Saldana11,1,Alcohols
CCCCCC(C)O,heptan-2-ol,332.0,Saldana11,1,Alcohols
CCCCC(O)CC,heptan-3-ol,,Saldana11,1,Alcohols
CCCC(O)CCC,heptan-4-ol,,Saldana11,1,Alcohols
CCCCCCCCCCCCCCCCO,hexadecan-1-ol,,Saldana11,1,Alcohols
CCCCCCCCCCCCCCC(C)O,hexadecan-2-ol,,Saldana11,1,Alcohols
CCCCCCCCCCCCCC(O)CC,hexadecan-3-ol,,Saldana11,1,Alcohols
CCCCCCCCCCCCC(O)CCC,hexadecan-4-ol,,Saldana11,1,Alcohols
CCCCCCO,hexan-1-ol,335.0,Saldana11,1,Alcohols
CCCCC(C)O,hexan-2-ol,314.0,Saldana11,1,Alcohols
CCCC(O)CC,hexan-3-ol,,Saldana11,1,Alcohols
OCCCCC(O)CO,"hexane-1,2,6-triol",471.0,Saldana11,1,Alcohols
OCCCCCCO,"hexane-1,6-diol",420.0,Saldana11,1,Alcohols
CC(O)CCC(C)O,"hexane-2,5-diol",374.0,Saldana11,1,Alcohols
CO,methanol,284.0,Saldana11,1,Alcohols
CCCCCCCCCCCCCCCCCCCO,nonadecan-1-ol,,Saldana11,1,Alcohols
CCCCCCCCCCCCCCCCCC(C)O,nonadecan-2-ol,,Saldana11,1,Alcohols
CCCCCCCCCCCCCCCCC(O)CC,nonadecan-3-ol,,Saldana11,1,Alcohols
CCCCCCCCCCCCCCCC(O)CCC,nonadecan-4-ol,,Saldana11,1,Alcohols
CCCCCCCCCO,nonan-1-ol,353.0,Saldana11,1,Alcohols
CCCCCCCC(C)O,nonan-2-ol,,Saldana11,1,Alcohols
CCCCCCC(O)CC,nonan-3-ol,,Saldana11,1,Alcohols
CCCCCC(O)CCC,nonan-4-ol,,Saldana11,1,Alcohols
CCCCCC(O)C=C,oct-1-en-3-ol,341.0,Saldana11,1,Alcohols
CCCCCCCCCCCCCCCCCCO,octadecan-1-ol,,Saldana11,1,Alcohols
CCCCCCCCCCCCCCCCC(C)O,octadecan-2-ol,,Saldana11,1,Alcohols
CCCCCCCCCCCCCCCC(O)CC,octadecan-3-ol,,Saldana11,1,Alcohols
CCCCCCCCCCCCCCC(O)CCC,octadecan-4-ol,,Saldana11,1,Alcohols
CCCCCCCCO,octan-1-ol,354.0,Saldana11,1,Alcohols
CCCCCCC(C)O,octan-2-ol,358.0,Saldana11,1,Alcohols
CCCCCC(O)CC,octan-3-ol,,Saldana11,1,Alcohols
CCCCC(O)CCC,octan-4-ol,,Saldana11,1,Alcohols
CCCCCCCCCCCCCCCO,pentadecan-1-ol,,Saldana11,1,Alcohols
CCCCCCCCCCCCCC(C)O,pentadecan-2-ol,,Saldana11,1,Alcohols
CCCCCCCCCCCCC(O)CC,pentadecan-3-ol,,Saldana11,1,Alcohols
CCCCCCCCCCCC(O)CCC,pentadecan-4-ol,,Saldana11,1,Alcohols
CCCCCO,pentan-1-ol,330.0,Saldana11,1,Alcohols
CCCC(C)O,pentan-2-ol,314.0,Saldana11,1,Alcohols
CCC(O)CC,pentan-3-ol,313.0,Saldana11,1,Alcohols
CCCCC(O)O,"pentane-1,1-diol",,Saldana11,1,Alcohols
CCCC(O)CO,"pentane-1,2-diol",,Saldana11,1,Alcohols
OCCC(O)CC,"pentane-1,3-diol",,Saldana11,1,Alcohols
OCCCC(C)O,"pentane-1,4-diol",,Saldana11,1,Alcohols
OCCCCCO,"pentane-1,5-diol",402.0,Saldana11,1,Alcohols
CC(O)CC(C)O,"pentane-2,4-diol",374.0,Saldana11,1,Alcohols
OCC=C,prop-2-en-1-ol,294.0,Saldana11,1,Alcohols
CCCO,propan-1-ol,298.0,Saldana11,1,Alcohols
CC(C)O,propan-2-ol,285.0,Saldana11,1,Alcohols
CCC(O)O,"propane-1,1-diol",372.0,Saldana11,1,Alcohols
OCC(C)O,"propane-1,2-diol",372.0,Saldana11,1,Alcohols
OCC(O)CO,"propane-1,2,3-triol",433.0,Saldana11,1,Alcohols
OCCCO,"propane-1,3-diol",352.0,Saldana11,1,Alcohols
CCCCCCCCCCCCCCO,tetradecan-1-ol,418.0,Saldana11,1,Alcohols
CCCCCCCCCCCCC(C)O,tetradecan-2-ol,,Saldana11,1,Alcohols
CCCCCCCCCCCC(O)CC,tetradecan-3-ol,,Saldana11,1,Alcohols
CCCCCCCCCCC(O)CCC,tetradecan-4-ol,,Saldana11,1,Alcohols
CCCCCCCCCCCCCO,tridecan-1-ol,394.0,Saldana11,1,Alcohols
CCCCCCCCCCCC(C)O,tridecan-2-ol,,Saldana11,1,Alcohols
CCCCCCCCCCC(O)CC,tridecan-3-ol,,Saldana11,1,Alcohols
CCCCCCCCCC(O)CCC,tridecan-4-ol,,Saldana11,1,Alcohols
CCCCCCCCCCCO,undecan-1-ol,,Saldana11,1,Alcohols
CCCCCCCCCC(C)O,undecan-2-ol,,Saldana11,1,Alcohols
CCCCCCCCC(O)CC,undecan-3-ol,,Saldana11,1,Alcohols
CCCCCCCC(O)CCC,undecan-4-ol,,Saldana11,1,Alcohols
CCCCCCC(C)c1ccccc1,(1-methylheptyl)benzene,373.0,Saldana11,1,Aromatics
C/C=C/c1ccccc1,(1E)-prop-1-en-1-ylbenzene,325.0,Saldana11,1,Aromatics
C/C=C\c1ccccc1,(1Z)-prop-1-enylbenzene,311.0,Saldana11,1,Aromatics
CCC(C)Cc1ccccc1,(2-methylbutyl)benzene,337.0,Saldana11,1,Aromatics
CC(C)(C)Cc1ccccc1,"(2,2-dimethylpropyl)benzene",323.0,Saldana11,1,Aromatics
CCCCCCCC/C=C(\C)/c1ccccc1,(2E)-phenylundec-2-ene,,Saldana11,1,Aromatics
CCCCCCCC/C=C(/C)\c1ccccc1,(2Z)-phenylundec-2-ene,,Saldana11,1,Aromatics
CC[C@@H](C)C[C@@](C)(CC)c1ccc2ccccc2c1,"(3R,6R)-dimethyl-3-(beta-naphthyl)octane",,Saldana11,1,Aromatics
CC[C@@H](C)C[C@](C)(CC)c1ccc2ccccc2c1,"(3R,6S)-dimethyl-3-(beta-naphthyl)octane",,Saldana11,1,Aromatics
CC[C@H](C)C[C@@](C)(CC)c1ccc2ccccc2c1,"(3S,6R)-dimethyl-3-(beta-naphthyl)octane",,Saldana11,1,Aromatics
CC[C@H](C)C[C@](C)(CC)c1ccc2ccccc2c1,"(3S,6S)-dimethyl-3-(beta-naphthyl)octane",,Saldana11,1,Aromatics
CCCCc1cccc2ccccc12,1-butylnaphthalene,,Saldana11,1,Aromatics
CC(C)c1ccccc1C,1-ethyl-2-isopropylbenzene,331.0,Saldana11,1,Aromatics
CCc1ccccc1C,1-ethyl-2-methylbenzene,312.0,Saldana11,1,Aromatics
CCc1cccc(C)c1C,"1-ethyl-2,3-dimethylbenzene",338.0,Saldana11,1,Aromatics
CCc1ccc(C)cc1C,"1-ethyl-2,4-dimethylbenzene",330.0,Saldana11,1,Aromatics
CCc1cccc(C)c1,1-ethyl-3-methylbenzene,311.0,Saldana11,1,Aromatics
CCc1cc(C)cc2ccccc12,1-ethyl-3-methylnaphthalene,,Saldana11,1,Aromatics
CCc1ccc(C)cc1,1-ethyl-4-methylbenzene,309.0,Saldana11,1,Aromatics
Cc1cccc2Cc3ccccc3Cc12,1-ethylanthracene,,Saldana11,1,Aromatics
CCc1cccc2ccccc12,1-ethylnaphthalene,,Saldana11,1,Aromatics
CCC1CCCc2ccccc12,1-ethyltetralin,,Saldana11,1,Aromatics
C=Cc1ccccc1C,1-methyl-2-ethenylbenzene,320.0,Saldana11,1,Aromatics
Cc1cccc(c1)C(C)C,1-methyl-3-(propan-2-yl)benzene,323.0,Saldana11,1,Aromatics
C=Cc1cccc(C)c1,1-methyl-3-ethenylbenzene,324.0,Saldana11,1,Aromatics
CCCc1cccc(C)c1,1-methyl-3-propylbenzene,325.0,Saldana11,1,Aromatics
CCCCC(CC)c1ccc(C)cc1,1-methyl-4-(1-ethylpentyl)benzene,,Saldana11,1,Aromatics
C=Cc1ccc(C)cc1,1-methyl-4-ethenylbenzene,319.0,Saldana11,1,Aromatics
CCCCCCCc1ccc(C)cc1,1-methyl-4-heptylbenzene,,Saldana11,1,Aromatics
CCCCCc1ccc(C)cc1,1-methyl-4-pentylbenzene,,Saldana11,1,Aromatics
Cc1cccc2ccccc12,1-methylnaphthalene,,Saldana11,1,Aromatics
CC1CCCc2ccccc12,1-methyltetralin,,Saldana11,1,Aromatics
CC(c1ccccc1)c1ccccc1,"1,1-diphenylethane",402.0,Saldana11,1,Aromatics
CCc1ccccc1CC,"1,2-diethylbenzene",330.0,Saldana11,1,Aromatics
CCCc1cccc(C)c1C,"1,2-dimethyl-3-propylbenzene",345.0,Saldana11,1,Aromatics
Cc1ccccc1C,"1,2-dimethylbenzene",290.0,Saldana11,1,Aromatics
c1ccc(cc1)c1ccccc1c1ccccc1,"1,2-diphenylbenzene",436.0,Saldana11,1,Aromatics
c1ccc(cc1)CCc1ccccc1,"1,2-diphenylethane",402.0,Saldana11,1,Aromatics
Cc1cccc(C)c1C,"1,2,3-trimethylbenzene",317.0,Saldana11,1,Aromatics
Cc1ccc(C)c(C)c1C,"1,2,3,4-tetramethylbenzene",341.0,Saldana11,1,Aromatics
Cc1cc(C)c(C)c(C)c1,"1,2,3,5-tetramethylbenzene",336.0,Saldana11,1,Aromatics
CCc1ccc(CC)c(CC)c1,"1,2,4-triethylbenzene",353.0,Saldana11,1,Aromatics
CCCCCCCCCCCCCCCCc1cc(C)c(C)cc1C,"1,2,4-trimethyl-5-hexadecylbenzene",,Saldana11,1,Aromatics
Cc1ccc(C)c(C)c1,"1,2,4-trimethylbenzene",319.0,Saldana11,1,Aromatics
Cc1cc(C)c(C)cc1C,"1,2,4,5-tetramethylbenzene",328.0,Saldana11,1,Aromatics
CC(C)c1cccc(c1)C(C)C,"1,3-di(propan-2-yl)benzene",349.0,Saldana11,1,Aromatics
CCCCc1cc(CC)cc(CC)c1,"1,3-diethyl-5-butylbenzene",,Saldana11,1,Aromatics
CCc1cccc(CC)c1,"1,3-diethylbenzene",329.0,Saldana11,1,Aromatics
c1ccc(cc1)c1cccc(c1)c1ccccc1,"1,3-diphenylbenzene",464.0,Saldana11,1,Aromatics
Cc1cccc(C)c1,"1,3-xylene",298.0,Saldana11,1,Aromatics
CCc1cc(CC)cc(CC)c1,"1,3,5-triethylbenzene",354.0,Saldana11,1,Aromatics
CC(C)c1cc(cc(c1)C(C)C)C(C)C,"1,3,5-triisopropylbenzene",360.0,Saldana11,1,Aromatics
Cc1cc(C)cc(C)c1,"1,3,5-trimethylbenzene",318.0,Saldana11,1,Aromatics
CCc1ccc(CC)cc1,"1,4-diethylbenzene",329.0,Saldana11,1,Aromatics
CC(C)c1ccc(cc1)C(C)C,"1,4-diisopropylbenzene",349.0,Saldana11,1,Aromatics
Cc1ccc(C)cc1,"1,4-dimethylbenzene",298.0,Saldana11,1,Aromatics
CCCCCCCCC1CCc2ccccc2C1CCCCCCCC,"1,4-dioctyltetralin",,Saldana11,1,Aromatics
c1ccc(cc1)c1ccc(cc1)c1ccccc1,"1,4-diphenylbenzene",480.0,Saldana11,1,Aromatics
CCc1cc(C)ccc1C,"2-ethyl-1,4-dimethylbenzene",329.0,Saldana11,1,Aromatics
CCCCCCCCC(C)(C)c1ccc2ccccc2c1,2-methyl-2-(beta-naphthyl)decane,,Saldana11,1,Aromatics
CCCCC(C)(C)c1ccc2ccccc2c1,2-methyl-2-(beta-naphthyl)hexane,,Saldana11,1,Aromatics
CCCCCCCCCCCCCCCC(C)(C)c1ccccc1,2-methyl-2-phenylheptadecane,,Saldana11,1,Aromatics
CCCCCCCCCCCCCC(C)(C)c1ccccc1,2-methyl-2-phenylpentadecane,,Saldana11,1,Aromatics
CCCCCCCC(CC(C)C)(CC(C)C)c1ccccc1,2-methyl-4-isobutyl-4-phenylundecane,,Saldana11,1,Aromatics
CCCc1ccc2cc(C)ccc2c1,2-methyl-6-propylnaphthalene,,Saldana11,1,Aromatics
CCCCCCCCc1ccc2ccccc2c1,2-octylnaphthalene,,Saldana11,1,Aromatics
CCC(C)(C)c1ccccc1,2-phenyl-2-methylbutane,338.0,Saldana11,1,Aromatics
CCCC1Cc2ccccc2C1,2-propylindane,,Saldana11,1,Aromatics
CCCc1ccc2ccccc2c1,2-propylnaphthalene,,Saldana11,1,Aromatics
CC(C)(C)c1ccc2ccccc2c1,2-tert-butylnaphthalene,,Saldana11,1,Aromatics
CC(C)(c1ccccc1)c1ccccc1,"2,2-diphenylpropane",383.0,Saldana11,1,Aromatics
Cc1ccc2cc(C)ccc2c1,"2,6-dimethylnaphthalene",,Saldana11,1,Aromatics
CCCCCC[C@@H](C)c1ccccc1,2(R)-phenyloctane,,Saldana11,1,Aromatics
CCCCCCCCCCCC[C@@H](C)c1ccccc1,2(R)-phenyltetradecane,,Saldana11,1,Aromatics
CCCCCCCCC[C@@H](C)c1ccccc1,2(R)-phenylundecane,,Saldana11,1,Aromatics
CCCCCC[C@H](C)c1ccccc1,2(S)-phenyloctane,,Saldana11,1,Aromatics
CCCCCCCCCCCC[C@H](C)c1ccccc1,2(S)-phenyltetradecane,,Saldana11,1,Aromatics
CCCCCCCCC[C@H](C)c1ccccc1,2(S)-phenylundecane,,Saldana11,1,Aromatics
CCCCCCC(CC)(CC)c1ccc2ccccc2c1,3-ethyl-3-(beta-naphthyl)nonane,,Saldana11,1,Aromatics
CCc1ccc(C)c(C)c1,"4-ethyl-1,2-dimethylbenzene",331.0,Saldana11,1,Aromatics
Cc1ccc(cc1)C(C)C,4-isopropyltoluene,320.0,Saldana11,1,Aromatics
CCCC(C)(CCC)c1ccc2ccccc2c1,4-methyl-4-(beta-naphthyl)heptane,,Saldana11,1,Aromatics
CCCCCCCC[C@@H](CCC)c1ccccc1,4(R)-phenyldodecane,,Saldana11,1,Aromatics
CCCCCCCC[C@H](CCC)c1ccccc1,4(S)-phenyldodecane,,Saldana11,1,Aromatics
CCCCCCCCCC(CCCC)(CCCC)c1ccccc1,5-butyl-5-phenyltetradecane,,Saldana11,1,Aromatics
CCc1cccc2CCCCc12,5-ethyltetralin,,Saldana11,1,Aromatics
CCCC[C@@](C)(CCCC)c1ccc2ccccc2c1,5-methyl-5-(beta-naphthyl)nonane,,Saldana11,1,Aromatics
Cc1cccc2CCCCc12,5-methyltetralin,,Saldana11,1,Aromatics
CCCCCCCCCCCCCCC[C@@H](CCCC)c1ccccc1,5(R)-phenyleicosane,,Saldana11,1,Aromatics
CCCCCCCCCCCCCCC[C@H](CCCC)c1ccccc1,5(S)-phenyleicosane,,Saldana11,1,Aromatics
CCCCCCC(CCCCCC)c1ccccc1,7-phenyltridecane,,Saldana11,1,Aromatics
CC(=C)c1ccccc1,alpha-methylstyrene,313.0,Saldana11,1,Aromatics
c1ccccc1,benzene,262.0,Saldana11,1,Aromatics
c1ccc(cc1)c1ccccc1,biphenyl,386.0,Saldana11,1,Aromatics
CCCCC1CCCc2ccccc12,butyltetralin,,Saldana11,1,Aromatics
C1CCC(CC1)c1ccccc1,cyclohexylbenzene,372.0,Saldana11,1,Aromatics
c1ccc(cc1)Cc1ccccc1,diphenylmethane,403.0,Saldana11,1,Aromatics
CCCCCCCCCCCCCCCCCCCCc1ccccc1,eicosylbenzene,,Saldana11,1,Aromatics
C=Cc1ccccc1,ethenylbenzene,305.0,Saldana11,1,Aromatics
CCc1ccccc1,ethylbenzene,288.0,Saldana11,1,Aromatics
CCCCCCCCCCCCCCCCCc1ccccc1,heptadecylbenzene,,Saldana11,1,Aromatics
CCCCCCCCCCCCCCCCc1ccccc1,hexadecylbenzene,,Saldana11,1,Aromatics
c1ccc2CCCc2c1,indane,322.0,Saldana11,1,Aromatics
CC(C)Cc1ccccc1,isobutylbenzene,325.0,Saldana11,1,Aromatics
CC(C)CCc1ccccc1,isopentylbenzene,335.0,Saldana11,1,Aromatics
CC(C)c1ccccc1,isopropylbenzene,304.0,Saldana11,1,Aromatics
CCCCc1ccccc1,n-butylbenzene,323.0,Saldana11,1,Aromatics
CCCCCCCCCCc1ccccc1,n-decylbenzene,380.0,Saldana11,1,Aromatics
CCCCCCCCCCCCc1ccccc1,n-dodecylbenzene,414.0,Saldana11,1,Aromatics
CCCCCCCc1ccccc1,n-heptylbenzene,368.0,Saldana11,1,Aromatics
CCCCCCc1ccccc1,n-hexylbenzene,353.0,Saldana11,1,Aromatics
CCCc1ccccc1,n-propylbenzene,303.0,Saldana11,1,Aromatics
CCCCCCCCCCCc1ccccc1,n-undecylbenzene,417.0,Saldana11,1,Aromatics
CCCCCCCCCCCCCCCCCCCc1ccccc1,nonadecylbenzene,,Saldana11,1,Aromatics
CCCCCCCCCc1ccccc1,nonylbenzene,372.0,Saldana11,1,Aromatics
CCCCCCCCCCCCCCCCCCc1ccccc1,octadecylbenzene,,Saldana11,1,Aromatics
CCCCCCCCc1ccccc1,octylbenzene,380.0,Saldana11,1,Aromatics
CCCCCCCCC1CCCc2ccccc12,octyltetralin,,Saldana11,1,Aromatics
CCCCCCCCc1cccc(C)c1C,octylxylene,,Saldana11,1,Aromatics
CCCCCCCCCCCCCCCc1ccccc1,pentadecylbenzene,,Saldana11,1,Aromatics
Cc1cc(C)c(C)c(C)c1C,pentamethylbenzene,364.0,Saldana11,1,Aromatics
CCCCCc1ccccc1,pentylbenzene,338.0,Saldana11,1,Aromatics
CCCC1CCCc2ccccc12,propyltetralin,,Saldana11,1,Aromatics
CC[C@@H](C)c1ccccc1,sec-(R)-butylbenzene,,Saldana11,1,Aromatics
CC[C@@H](C)C1CCCc2ccccc12,sec-(R)-butyltetralin,,Saldana11,1,Aromatics
CC[C@H](C)c1ccccc1,sec-(S)-butylbenzene,,Saldana11,1,Aromatics
CC[C@H](C)C1CCCc2ccccc12,sec-(S)-butyltetralin,,Saldana11,1,Aromatics
CCC(C)c1ccccc1,sec-butylbenzene,325.0,Saldana11,1,Aromatics
CC(C)(C)c1ccccc1,tert-butylbenzene,333.0,Saldana11,1,Aromatics
CC(C)(C)C1CCCc2ccccc12,tert-butyltetralin,,Saldana11,1,Aromatics
CCCCCCCCCCCCCCc1ccccc1,tetradecylbenzene,,Saldana11,1,Aromatics
C1CCc2ccccc2C1,tetralin,350.0,Saldana11,1,Aromatics
Cc1ccccc1,toluene,277.0,Saldana11,1,Aromatics
CCCCCCCCCCCCCc1ccccc1,tridecylbenzene,,Saldana11,1,Aromatics
C[C@@H](O)c1ccccc1,(1R)-1-phenylethan-1-ol,358.0,Saldana11,1,Aromatics (Oxygenates)
OCc1ccccc1C,(2-methylphenyl)methanol,377.0,Saldana11,1,Aromatics (Oxygenates)
OCc1cccc(C)c1,(3-methylphenyl)methanol,378.0,Saldana11,1,Aromatics (Oxygenates)
OCc1ccc(CO)cc1,[4-(hydroxymethyl)phenyl]methanol,461.0,Saldana11,1,Aromatics (Oxygenates)
O=C(OCC1CCC(CC1)COC(=O)c1ccccc1)c1ccccc1,{4-[(benzoyloxy)methyl]cyclohexyl}methyl benzoate,434.0,Saldana11,1,Aromatics (Oxygenates)
CCC(O)c1ccccc1,1-phenylpropan-1-ol,363.0,Saldana11,1,Aromatics (Oxygenates)
CC(O)Cc1ccccc1,1-phenylpropan-2-ol,358.0,Saldana11,1,Aromatics (Oxygenates)
CCc1ccccc1O,2-ethylphenol,351.0,Saldana11,1,Aromatics (Oxygenates)
OCc1ccco1,2-furylmethanol,356.0,Saldana11,1,Aromatics (Oxygenates)
Cc1ccccc1O,2-methylphenol,354.0,Saldana11,1,Aromatics (Oxygenates)
OCCc1ccccc1,2-phenylethanol,369.0,Saldana11,1,Aromatics (Oxygenates)
OCC(C)c1ccccc1,2-phenylpropan-1-ol,366.0,Saldana11,1,Aromatics (Oxygenates)
CC(C)(O)c1ccccc1,2-phenylpropan-2-ol,360.0,Saldana11,1,Aromatics (Oxygenates)
Cc1cc(c(O)c(c1)C(C)(C)C)C(C)(C)C,"2,6-di-tert-butyl-p-cresol",390.0,Saldana11,1,Aromatics (Oxygenates)
CCc1cccc(O)c1,3-ethylphenol,367.0,Saldana11,1,Aromatics (Oxygenates)
Cc1cccc(O)c1,3-methylphenol,368.0,Saldana11,1,Aromatics (Oxygenates)
OCCCc1ccccc1,3-phenylpropan-1-ol,373.0,Saldana11,1,Aromatics (Oxygenates)
CCC(C)(C)c1ccc(O)cc1,4-(2-methylbutan-2-yl)phenol,384.0,Saldana11,1,Aromatics (Oxygenates)
Oc1ccc(cc1)C(C)(C)c1ccc(O)cc1,4-[2-(4-hydroxyphenyl)propan-2-yl]phenol,480.0,Saldana11,1,Aromatics (Oxygenates)
CCc1ccc(O)cc1,4-ethylphenol,373.0,Saldana11,1,Aromatics (Oxygenates)
Cc1ccc(O)cc1,4-methylphenol,368.0,Saldana11,1,Aromatics (Oxygenates)
Oc1ccc(cc1O)C(C)(C)C,"4-tert-butylbenzene-1,2-diol",403.0,Saldana11,1,Aromatics (Oxygenates)
Oc1ccc(cc1)C(C)(C)C,4-tert-butylphenol,386.0,Saldana11,1,Aromatics (Oxygenates)
Oc1ccccc1O,"benzene-1,2-diol",400.0,Saldana11,1,Aromatics (Oxygenates)
Oc1cccc(O)c1,"benzene-1,3-diol",400.0,Saldana11,1,Aromatics (Oxygenates)
Oc1ccc(O)cc1,"benzene-1,4-diol",438.0,Saldana11,1,Aromatics (Oxygenates)
O=C(OCc1ccccc1)c1ccccc1,benzyl benzoate,418.0,Saldana11,1,Aromatics (Oxygenates)
CC(=O)OCc1ccccc1,benzyl ethanoate,363.0,Saldana11,1,Aromatics (Oxygenates)
O=COCc1ccccc1,benzyl methanoate,355.0,Saldana11,1,Aromatics (Oxygenates)
CCCCOC(=O)c1ccccc1,butyl benzoate,379.0,Saldana11,1,Aromatics (Oxygenates)
CCCCOC(=O)c1ccccc1C(=O)OCCCC,di-n-butyl phthalate,430.0,Saldana11,1,Aromatics (Oxygenates)
CCCCCCCCCCOC(=O)c1ccccc1C(=O)OCCCCCCCCCC,di-n-decyl phthalate,505.0,Saldana11,1,Aromatics (Oxygenates)
CCCCCCOC(=O)c1ccccc1C(=O)OCCCCCC,di-n-hexyl phthalate,466.0,Saldana11,1,Aromatics (Oxygenates)
CCCCCCCCCOC(=O)c1ccccc1C(=O)OCCCCCCCCC,di-n-nonyl phthalate,489.0,Saldana11,1,Aromatics (Oxygenates)
CCOC(=O)c1ccccc1C(=O)OCC,diethyl phthalate,390.0,Saldana11,1,Aromatics (Oxygenates)
CC(C)COC(=O)c1ccccc1C(=O)OCC(C)C,diisobutyl phthalate,434.0,Saldana11,1,Aromatics (Oxygenates)
CC(C)CCCCCCCOC(=O)c1ccccc1C(=O)OCCCCCCCC(C)C,diisodecyl phthalate,505.0,Saldana11,1,Aromatics (Oxygenates)
COC(=O)c1cccc(c1)C(=O)OC,dimethyl isophthalate,411.0,Saldana11,1,Aromatics (Oxygenates)
COC(=O)c1ccccc1C(=O)OC,dimethyl phthalate,419.0,Saldana11,1,Aromatics (Oxygenates)
CCCCC(CC)COC(=O)c1ccccc1C(=O)OCC(CC)CCCC,dioctyl phthalate,489.0,Saldana11,1,Aromatics (Oxygenates)
CCOC(=O)c1ccccc1,ethyl benzoate,357.0,Saldana11,1,Aromatics (Oxygenates)
COC(=O)c1ccccc1,methyl benzoate,355.0,Saldana11,1,Aromatics (Oxygenates)
CCCOC(=O)c1ccccc1,n-propyl benzoate,371.0,Saldana11,1,Aromatics (Oxygenates)
CCCCCCCCCc1ccccc1O,nonylphenol,411.0,Saldana11,1,Aromatics (Oxygenates)
Oc1ccccc1,phenol,353.0,Saldana11,1,Aromatics (Oxygenates)
OCc1ccccc1,phenylmethanol,374.0,Saldana11,1,Aromatics (Oxygenates)
Cc1ccc(O)c(C)c1,"xylen-2,4-ol",368.0,Saldana11,1,Aromatics (Oxygenates)
Oc1c(C)cccc1C,"xylen-2,6-ol",346.0,Saldana11,1,Aromatics (Oxygenates)
C[C@H]1CC[C@H](C(C)C)[C@@H](O)C1,"(1R,2S,5R)-5-methyl-2-propan-2-ylcyclohexan-1-ol",366.0,Saldana11,1,Cyclic (Oxygenates)
CC1(O)CCCCC1,1-methylcyclohexan-1-ol,338.0,Saldana11,1,Cyclic (Oxygenates)
OCC1CCC=CC1,"1,2,3,6-tetrahydrobenzyl alcohol",346.0,Saldana11,1,Cyclic (Oxygenates)
OCC1CCC(CO)CC1,"1,4-cyclohexanedimethanol",434.0,Saldana11,1,Cyclic (Oxygenates)
CC1=CCC(CC1)C(C)(C)O,2-(4-methylcyclohex-3-en-1-yl)propan-2-ol,367.0,Saldana11,1,Cyclic (Oxygenates)
OCC1CCC(C)CC1,4-methyl-cyclohexane-methanol,354.0,Saldana11,1,Cyclic (Oxygenates)
CC1CCC(=O)O1,5-methyloxolan-2-one,354.0,Saldana11,1,Cyclic (Oxygenates)
C[C@H]1CCCC[C@H]1O,cis-2-methylcyclohexanol,331.0,Saldana11,1,Cyclic (Oxygenates)
C[C@H]1CCC[C@@H](O)C1,cis-3-methylcyclohexanol,335.0,Saldana11,1,Cyclic (Oxygenates)
C[C@@H]1CC[C@H](O)CC1,cis-4-methylcyclohexanol,343.0,Saldana11,1,Cyclic (Oxygenates)
OC1CCCCC1,cyclohexanol,341.0,Saldana11,1,Cyclic (Oxygenates)
CC(=O)OC1CCCCC1,cyclohexyl ethanoate,330.0,Saldana11,1,Cyclic (Oxygenates)
O=COC1CCCCC1,cyclohexyl methanoate,324.0,Saldana11,1,Cyclic (Oxygenates)
COC(=O)C1CCC(CC1)C(=O)OC,"dimethyl-1,4-cyclohexanedicarboxylate",383.0,Saldana11,1,Cyclic (Oxygenates)
O=C1CCCCCO1,oxepan-2-one,382.0,Saldana11,1,Cyclic (Oxygenates)
C1COC1=O,oxetan-2-one,343.0,Saldana11,1,Cyclic (Oxygenates)
O=C1CCCO1,oxolan-2-one,371.0,Saldana11,1,Cyclic (Oxygenates)
C[C@@H]1CCCC[C@H]1O,trans-2-methylcyclohexanol,331.0,Saldana11,1,Cyclic (Oxygenates)
C[C@@H]1CCC[C@@H](O)C1,trans-3-methylcyclohexanol,335.0,Saldana11,1,Cyclic (Oxygenates)
CC/C=C\C/C=C\C/C=C\CCCCCCCC(=O)O,"(9Z,12Z,15Z)-octadeca-9,12,15-trienoic acid",,Saldana11,1,Esters
CCCCC/C=C\C/C=C\CCCCCCCC(=O)O,"(9Z,12Z)-octadeca-9,12-dienoic acid",,Saldana11,1,Esters
CCCCCCCC/C=C\CCCCCCCC(=O)O,(9Z)-octadec-9-enoic acid,,Saldana11,1,Esters
CCC(CC)OC(=O)C,1-ethylpropyl ethanoate,318.0,Saldana11,1,Esters
CC(=C)OC(=O)C,1-methylethenyl ethanoate,283.0,Saldana11,1,Esters
CC(=O)OC(C)C(C)C,"1,2-dimethylpropyl ethanoate",316.0,Saldana11,1,Esters
CCCCCCCC/C=C\CCCCCCCC(=O)OCCC(CC)CCC,2-ethylhexyl (9Z)-octadec-9-enoate,,Saldana11,1,Esters
CCCCC(CC)COC(=O)C,2-ethylhexyl ethanoate,344.0,Saldana11,1,Esters
CCCCCCCCCCCCCCCC(=O)OCCC(CC)CCC,2-ethylhexyl hexadecanoate,,Saldana11,1,Esters
CCCCCCCCCCCCCCCCCC(=O)OCCC(CC)CCC,2-ethylhexyl octadecanoate,,Saldana11,1,Esters
CCCCC(CC)COC(=O)C=C,2-ethylhexyl prop-2-enoate,355.0,Saldana11,1,Esters
O=COCC(C)(C)C,"2,2-dimethylpropyl methanoate",311.0,Saldana11,1,Esters
CCC(=O)OCC(C)(C)C,"2,2-dimethylpropyl propanoate",334.0,Saldana11,1,Esters
CC/C=C\C/C=C\C/C=C\CCCCCCCC(=O)OC(COC(=O)CCCCCCC/C=C\C/C=C\C/C=C\CC)COC(=O)CCCCCCC/C=C\C/C=C\C/C=C\CC,"2,3-bis[[(9Z,12Z,15Z)-octadeca-9,12,15-trienoyl]oxy]propyl",,Saldana11,1,Esters
CCCCC/C=C\C/C=C\CCCCCCCC(=O)OC(COC(=O)CCCCCCC/C=C\C/C=C\CCCCC)COC(=O)CCCCCCC/C=C\C/C=C\CCCCC,"2,3-bis[[(9Z,12Z)-octadeca-9,12-dienoyl]oxy]propyl",,Saldana11,1,Esters
CCCCCCCC/C=C\CCCCCCCC(=O)OC(COC(=O)CCCCCCC/C=C\CCCCCCCC)COC(=O)CCCCCCC/C=C\CCCCCCCC,"2,3-bis[[(9Z)-octadec-9-enoyl]oxy]propyl (9Z)-octadec-9-enoate",,Saldana11,1,Esters
CCCC(=O)OC(COC(=O)CCC)COC(=O)CCC,"2,3-di(butanoyloxy)propyl butanoate",,Saldana11,1,Esters
CCCCCCCCCCCC(=O)OC(COC(=O)CCCCCCCCCCC)COC(=O)CCCCCCCCCCC,"2,3-di(dodecanoyloxy)propyl dodecanoate",,Saldana11,1,Esters
CCCCCCCCCCCCCCCC(=O)OC(COC(=O)CCCCCCCCCCCCCCC)COC(=O)CCCCCCCCCCCCCCC,"2,3-di(hexadecanoyloxy)propyl hexadecanoate",,Saldana11,1,Esters
CCCCCCCCCCCCCCCCCC(=O)OC(COC(=O)CCCCCCCCCCCCCCCCC)COC(=O)CCCCCCCCCCCCCCCCC,"2,3-di(octadecanoyloxy)propyl octadecanoate",,Saldana11,1,Esters
CCCCCCCCCCCCCC(=O)OC(COC(=O)CCCCCCCCCCCCC)COC(=O)CCCCCCCCCCCCC,"2,3-di(tetradecanoyloxy)propyl tetradecanoate",,Saldana11,1,Esters
C=CCOC(=O)C(=C)C,allyl 2-methylpropenoate,306.0,Saldana11,1,Esters
CC(=O)OCC=C,allyl ethanoate,295.0,Saldana11,1,Esters
C=CC(OC(=O)C)OC(=O)C,allylidene diethanoate,355.0,Saldana11,1,Esters
CCCCOC(=O)CCCCCCC/C=C\C/C=C\C/C=C\CC,"butyl (9Z,12Z,15Z)-octadeca-9,12,15-trienoate",,Saldana11,1,Esters
CCCCC/C=C\C/C=C\CCCCCCCC(=O)OCCCC,"butyl (9Z,12Z)-octadeca-9,12-dienoate",,Saldana11,1,Esters
CCCCCC/C=C\CCCCCCCC(=O)OCCCC,butyl (9Z)-hexadec-9-enoate,,Saldana11,1,Esters
CCCCCCCC/C=C\CCCCCCCC(=O)OCCCC,butyl (9Z)-octadec-9-enoate,,Saldana11,1,Esters
CCCCOC(=O)C(=C)C,butyl 2-methylprop-2-enoate,322.0,Saldana11,1,Esters
CCCCOC(=O)CCC,butyl butanoate,326.0,Saldana11,1,Esters
CCCCCCCCCC(=O)OCCCC,butyl decanoate,,Saldana11,1,Esters
CCCCCCCCCCCC(=O)OCCCC,butyl dodecanoate,,Saldana11,1,Esters
CCCCCCCCCCCCCCCCCCCC(=O)OCCCC,butyl eicosanoate,,Saldana11,1,Esters
CCCCOC(=O)C,butyl ethanoate,295.0,Saldana11,1,Esters
CCCCCCCCCCCCCCCC(=O)OCCCC,butyl hexadecanoate,,Saldana11,1,Esters
CCCCOC=O,butyl methanoate,291.0,Saldana11,1,Esters
CCCCCCCCC(=O)OCCCC,butyl nonanoate,,Saldana11,1,Esters
CCCCCCCC(=O)OCCCC,butyl octanoate,,Saldana11,1,Esters
CCCCOC(=O)C=C,butyl prop-2-enoate,312.0,Saldana11,1,Esters
CCCCOC(=O)CC,butyl propanoate,305.0,Saldana11,1,Esters
CCCCCCCCCCCCCC(=O)OCCCC,butyl tetradecanoate,,Saldana11,1,Esters
CCCCCCCCCCCCC(=O)OCCCC,butyl tridecanoate,,Saldana11,1,Esters
CCCCCCCCCCC(=O)OCCCC,butyl undecanoate,,Saldana11,1,Esters
CCCCCCCCCC(=O)O,decanoic acid,,Saldana11,1,Esters
CCCCCCCCCCOC(=O)CCCCCCCCC,decyl decanoate,,Saldana11,1,Esters
CCCCCCCCCCCC(=O)OCCCCCCCCCC,decyl dodecanoate,,Saldana11,1,Esters
CCCCCCCCCCOC(=O)C,decyl ethanoate,378.0,Saldana11,1,Esters
CCCCCCCCCCCCCCCC(=O)OCCCCCCCCCC,decyl hexadecanoate,,Saldana11,1,Esters
CCCCCCCCCCOC=O,decyl methanoate,373.0,Saldana11,1,Esters
CCCCCCCCCCOC(=O)CCCC,decyl pentanoate,,Saldana11,1,Esters
CCCCCCCCCCCCCC(=O)OCCCCCCCCCC,decyl tetradecanoate,,Saldana11,1,Esters
CCCCC(CC)COC(=O)CCCCC(=O)OCC(CC)CCCC,di(2-ethylhexyl)hexanedioate,466.0,Saldana11,1,Esters
C=CCOC(=O)/C=C\C(=O)OCC=C,diallyl (2Z)-but-2-enedioate,393.0,Saldana11,1,Esters
CCCCOC(=O)/C=C\C(=O)OCCCC,dibutyl (2Z)-but-2-enedioate,413.0,Saldana11,1,Esters
CCCCOC(=O)CCCCCCCCC(=O)OCCCC,dibutyl decanedioate,451.0,Saldana11,1,Esters
CCOC(=O)/C=C\C(=O)OCC,diethyl (2Z)-but-2-enedioate,366.0,Saldana11,1,Esters
CCOC(=O)CCC(=O)OCC,diethyl butanedioate,363.0,Saldana11,1,Esters
CCOC(=O)OCC,diethyl carbonate,298.0,Saldana11,1,Esters
CCOC(=O)CCCCC(=O)OCC,diethyl hexanedioate,,Saldana11,1,Esters
CCOC(=O)C(=O)OCC,diethyl oxalate,395.0,Saldana11,1,Esters
CCOC(=O)CC(=O)OCC,diethyl propanedioate,366.0,Saldana11,1,Esters
CCCCCCOC(=O)CCCCC(=O)OCCCCCC,dihexyl hexanedioate,464.0,Saldana11,1,Esters
COC(=O)/C=C\C(=O)OC,dimethyl (2Z)-but-2-enedioate,368.0,Saldana11,1,Esters
COC(=O)CC(=O)OC,dimethyl propanedioate,363.0,Saldana11,1,Esters
CCCCCCCCOC(=O)CCCCC(=O)OCCCCCCCC,dioctyl hexanedioate,452.0,Saldana11,1,Esters
CCCCCCCCCCCCOC(=O)CCCCCCC/C=C\CCCCCCCC,dodecyl (9Z)-octadec-9-enoate,,Saldana11,1,Esters
CCCCCCCCCCCCOC(=O)CCC,dodecyl butanoate,433.0,Saldana11,1,Esters
CCCCCCCCCCCCOC(=O)CCCCCCCCCCC,dodecyl dodecanoate,,Saldana11,1,Esters
CCCCCCCCCCCCOC(=O)C,dodecyl ethanoate,389.0,Saldana11,1,Esters
CCCCCCCCCCCCOC(=O)CCCC,dodecyl pentanoate,,Saldana11,1,Esters
CCCCCCCCCCCCOC(=O)CC,dodecyl propanoate,421.0,Saldana11,1,Esters
CCCCCCCCCCCCCC(=O)OCCCCCCCCCCCC,dodecyl tetradecanoate,,Saldana11,1,Esters
C=COC(=O)C(C)(C)C,"ethenyl 2,2-dimethylpropanoate",282.0,Saldana11,1,Esters
CC(=O)OC=C,ethenyl ethanoate,265.0,Saldana11,1,Esters
C=COC=O,ethenyl methanoate,256.0,Saldana11,1,Esters
CCC(=O)OC=C,ethenyl propanoate,274.0,Saldana11,1,Esters
CCOC(=O)/C=C/C=C/C,"ethyl (2E,4E)-hexa-2,4-dienoate",342.0,Saldana11,1,Esters
CCCCC/C=C\C=C\C(=O)OCC,"ethyl (2E,4Z)-deca-2,4-dienoate",386.0,Saldana11,1,Esters
CCOC(=O)/C=C/C,ethyl (2E)-but-2-enoate,275.0,Saldana11,1,Esters
CCCCCCC/C=C/C(=O)OCC,ethyl (2E)-dec-2-enoate,364.0,Saldana11,1,Esters
CC/C=C/CC(=O)OCC,ethyl (2E)-hex-3-enoate,332.0,Saldana11,1,Esters
CCCCC/C=C/C(=O)OCC,ethyl (2E)-oct-2-enoate,371.0,Saldana11,1,Esters
CCC/C=C/CCC(=O)OCC,ethyl (2E)-oct-4-enoate,352.0,Saldana11,1,Esters
CC/C=C\C/C=C\C/C=C\CCCCCCCC(=O)OCC,"ethyl (9Z,12Z,15Z)-octadeca-9,12,15-trienoate",,Saldana11,1,Esters
CCCCC/C=C\C/C=C\CCCCCCCC(=O)OCC,"ethyl (9Z,12Z)-octadeca-9,12-dienoate",,Saldana11,1,Esters
CCCCCC/C=C\CCCCCCCC(=O)OCC,ethyl (9Z)-hexadec-9-enoate,,Saldana11,1,Esters
CCCCCCCC/C=C\CCCCCCCC(=O)OCC,ethyl (9Z)-octadec-9-enoate,365.0,Saldana11,1,Esters
CCOC(=O)C(C)O,ethyl 2-hydroxypropanoate,319.0,Saldana11,1,Esters
CCOC(=O)C(=C)C,ethyl 2-methylprop-2-enoate,293.0,Saldana11,1,Esters
CCOC(=O)CCC(=O)C,ethyl 4-oxopentanoate,,Saldana11,1,Esters
CCOC(=O)C=C=C,"ethyl buta-2,3-dienoate",320.0,Saldana11,1,Esters
CCCC(=O)OCC,ethyl butanoate,297.0,Saldana11,1,Esters
CCCCCCCCCC(=O)OCC,ethyl decanoate,375.0,Saldana11,1,Esters
CCCCCCCCCCCC(=O)OCC,ethyl dodecanoate,386.0,Saldana11,1,Esters
CCCCCCCCCCCCCCCCCCCC(=O)OCC,ethyl eicosanoate,444.0,Saldana11,1,Esters
CCOC(=O)C,ethyl ethanoate,269.0,Saldana11,1,Esters
C=CCCCCC(=O)OCC,ethyl hept-6-enoate,352.0,Saldana11,1,Esters
CCCCCCCCCCCCCCCCC(=O)OCC,ethyl heptadecanoate,428.0,Saldana11,1,Esters
CCCCCCC(=O)OCC,ethyl heptanoate,347.0,Saldana11,1,Esters
CCCCCCCCCCCCCCCC(=O)OCC,ethyl hexadecanoate,386.0,Saldana11,1,Esters
CCCCCC(=O)OCC,ethyl hexanoate,326.0,Saldana11,1,Esters
CCOC(=O)C(C)C,ethyl isobutanoate,287.0,Saldana11,1,Esters
CCOC(=O)CC(C)C,ethyl isopentanoate,298.0,Saldana11,1,Esters
CCOC=O,ethyl methanoate,253.0,Saldana11,1,Esters
CCCCCCCCC(=O)OCC,ethyl nonanoate,367.0,Saldana11,1,Esters
CCCCCCCCCCCCCCCCCC(=O)OCC,ethyl octadecanoate,441.0,Saldana11,1,Esters
CCCCCCCC(=O)OCC,ethyl octanoate,354.0,Saldana11,1,Esters
CCCCC(=O)OCC,ethyl pentanoate,307.0,Saldana11,1,Esters
CCOC(=O)C=C,ethyl prop-2-enoate,282.0,Saldana11,1,Esters
CCOC(=O)CC,ethyl propanoate,285.0,Saldana11,1,Esters
CCCCCCCCCCCCCC(=O)OCC,ethyl tetradecanoate,386.0,Saldana11,1,Esters
CCCCCCCCCCCCC(=O)OCC,ethyl tridecanoate,,Saldana11,1,Esters
C=CCCCCCCCCC(=O)OCC,ethyl undec-10-enoate,386.0,Saldana11,1,Esters
CCCCCCCCCCC(=O)OCC,ethyl undecanoate,386.0,Saldana11,1,Esters
CC(=O)OCCOC(=O)C,ethylene glycol diethanoate,361.0,Saldana11,1,Esters
C=CC(=O)OCCOC(=O)C=C,ethylene glycol diprop-2-enoate,373.0,Saldana11,1,Esters
CC(=O)OC(COC(=O)C)COC(=O)C,glycerol triethanoate,,Saldana11,1,Esters
CCCCCCCOC(=O)C,heptyl ethanoate,349.0,Saldana11,1,Esters
CCCCCCCCCCCCCCCCOC(=O)CCCCCCCCCCC,hexadecyl dodecanoate,,Saldana11,1,Esters
CCCCCCCCCCCCCCCCOC(=O)C,hexadecyl ethanoate,,Saldana11,1,Esters
CCCCCCCCCCCCCCCCOC(=O)CCCC,hexadecyl pentanoate,,Saldana11,1,Esters
CCCCCCCC/C=C\CCCCCCCC(=O)OCCCCCC,hexyl (9Z)-octadec-9-enoate,,Saldana11,1,Esters
CCCCCCCCCC(=O)OCCCCCC,hexyl decanoate,,Saldana11,1,Esters
CCCCCCCCCCCC(=O)OCCCCCC,hexyl dodecanoate,,Saldana11,1,Esters
CCCCCCOC(=O)C,hexyl ethanoate,310.0,Saldana11,1,Esters
CCCCCCCCCCCCCCCC(=O)OCCCCCC,hexyl hexadecanoate,,Saldana11,1,Esters
CCCCCCOC=O,hexyl methanoate,330.0,Saldana11,1,Esters
CCCCCCCCCCCCCC(=O)OCCCCCC,hexyl tetradecanoate,,Saldana11,1,Esters
CCCCCCCC/C=C\CCCCCCCC(=O)OCC(C)C,isobutyl (9Z)-octadec-9-enoate,,Saldana11,1,Esters
CC(C)COC(=O)C(C)C,isobutyl 2-methylpropanoate,311.0,Saldana11,1,Esters
CC(C)COC(=O)C(=C)C,isobutyl 2-methylpropenoate,314.0,Saldana11,1,Esters
CCCC(=O)OCC(C)C,isobutyl butanoate,330.0,Saldana11,1,Esters
CCCCCCCCCC(=O)OCC(C)C,isobutyl decanoate,,Saldana11,1,Esters
CCCCCCCCCCCC(=O)OCC(C)C,isobutyl dodecanoate,,Saldana11,1,Esters
CC(C)COC(=O)C,isobutyl ethanoate,291.0,Saldana11,1,Esters
CCCCCCCCCCCCCCCC(=O)OCC(C)C,isobutyl hexadecanoate,,Saldana11,1,Esters
O=COCC(C)C,isobutyl methanoate,302.0,Saldana11,1,Esters
CCCCCCCCCCCCCCCCCC(=O)OCC(C)C,isobutyl octadecanoate,,Saldana11,1,Esters
C=CC(=O)OCC(C)C,isobutyl prop-2-enoate,304.0,Saldana11,1,Esters
CCC(=O)OCC(C)C,isobutyl propanoate,320.0,Saldana11,1,Esters
CCCCCCCCCCCCCC(=O)OCC(C)C,isobutyl tetradecanoate,,Saldana11,1,Esters
CCCC(=O)OCCC(C)C,isopentyl butanoate,331.0,Saldana11,1,Esters
CCCCCCCCCC(=O)OCCC(C)C,isopentyl decanoate,,Saldana11,1,Esters
CCCCCCCCCCCC(=O)OCCC(C)C,isopentyl dodecanoate,386.0,Saldana11,1,Esters
CC(C)CCOC(=O)C,isopentyl ethanoate,298.0,Saldana11,1,Esters
CCCCCC(=O)OCCC(C)C,isopentyl hexanoate,358.0,Saldana11,1,Esters
CC(C)CCOC(=O)CC(C)C,isopentyl isopentanoate,345.0,Saldana11,1,Esters
O=COCCC(C)C,isopentyl methanoate,314.0,Saldana11,1,Esters
CCC(=O)OCCC(C)C,isopentyl propanoate,321.0,Saldana11,1,Esters
CCCCCCCCCCCCCC(=O)OCCC(C)C,isopentyl tetradecanoate,,Saldana11,1,Esters
CCCCCCCC/C=C\CCCCCCCC(=O)OC(C)C,isopropyl (9Z)-octadec-9-enoate,,Saldana11,1,Esters
CCCCCCCCCC(=O)OC(C)C,isopropyl decanoate,,Saldana11,1,Esters
CC(C)OC(=O)C,isopropyl ethanoate,275.0,Saldana11,1,Esters
CCCCCCCCCCCCCCCC(=O)OC(C)C,isopropyl hexadecanoate,,Saldana11,1,Esters
CCCCCCCCCCCCCCCCCC(=O)OC(C)C,isopropyl octadecanoate,,Saldana11,1,Esters
CCCCCC/C=C/CCCCCCCCCC(=O)OC,methyl (11E)-octadec-11-enoate,335.0,Saldana11,1,Esters
CCCCCCCC/C=C\CCCCCCCCCC(=O)OC,methyl (11Z)-eicos-11-enoate,386.0,Saldana11,1,Esters
CCCCCC/C=C\CCCCCCCCCC(=O)OC,methyl (11Z)-octadec-11-enoate,335.0,Saldana11,1,Esters
CCCCCCCC/C=C\CCCCCCCCCCCC(=O)OC,methyl (13Z)-docos-13-enoate,306.0,Saldana11,1,Esters
C/C=C/C=C/C(=O)OC,"methyl (2E,4E)-hexa-2,4-dienoate",,Saldana11,1,Esters
CCCCCC/C=C/C(=O)OC,methyl (2E)-non-2-enoate,364.0,Saldana11,1,Esters
CCCCC/C=C/C(=O)OC,methyl (2E)-oct-2-enoate,356.0,Saldana11,1,Esters
COC(=O)/C=C/C=C,"methyl (2E)-penta-2,4-dienoate",310.0,Saldana11,1,Esters
COC(=O)/C=C\C=C,"methyl (2Z)-penta-2,4-dienoate",310.0,Saldana11,1,Esters
CC/C=C/CC(=O)OC,methyl (3E)-hex-3-enoate,319.0,Saldana11,1,Esters
CCCCC/C=C/CC(=O)OC,methyl (3E)-non-3-enoate,361.0,Saldana11,1,Esters
C/C=C/CC(=O)OC,methyl (3E)-pent-3-enoate,297.0,Saldana11,1,Esters
CCCCC/C=C\CC(=O)OC,methyl (3Z)-non-3-enoate,361.0,Saldana11,1,Esters
C/C=C\C/C=C\C/C=C\C/C=C\C/C=C\C/C=C\CCCC(=O)OC,"methyl (4Z,7Z,10Z,13Z,16Z,19Z)-docosa-4,7,10,13,16,19-hexaenoate",366.0,Saldana11,1,Esters
CC/C=C\C/C=C\C/C=C\C/C=C\C/C=C\CCCC(=O)OC,"methyl (5Z,8Z,11Z,14Z,17Z)-eicosa-5,8,11,14,17-pentaenoate",377.0,Saldana11,1,Esters
CCCCC/C=C/C/C=C/C/C=C/CCCCC(=O)OC,"methyl (6E,9E,12E)-octadeca-6,9,12-trienoate",335.0,Saldana11,1,Esters
CCCCC/C=C\C/C=C/C/C=C/CCCCC(=O)OC,"methyl (6E,9E,12Z)-octadeca-6,9,12-trienoate",335.0,Saldana11,1,Esters
CCCCC/C=C/C/C=C\C/C=C/CCCCC(=O)OC,"methyl (6E,9Z,12E)-octadeca-6,9,12-trienoate",335.0,Saldana11,1,Esters
CCCCC/C=C\C/C=C\C/C=C/CCCCC(=O)OC,"methyl (6E,9Z,12Z)-octadeca-6,9,12-trienoate",335.0,Saldana11,1,Esters
CCCCC/C=C/C/C=C/C/C=C\CCCCC(=O)OC,"methyl (6Z,9E,12E)-octadeca-6,9,12-trienoate",335.0,Saldana11,1,Esters
CCCCC/C=C\C/C=C/C/C=C\CCCCC(=O)OC,"methyl (6Z,9E,12Z)-octadeca-6,9,12-trienoate",335.0,Saldana11,1,Esters
CCCCC/C=C/C/C=C\C/C=C\CCCCC(=O)OC,"methyl (6Z,9Z,12E)-octadeca-6,9,12-trienoate",335.0,Saldana11,1,Esters
CCCCC/C=C\C/C=C\C/C=C\CCCCC(=O)OC,"methyl (6Z,9Z,12Z)-octadeca-6,9,12-trienoate",335.0,Saldana11,1,Esters
CC/C=C\C/C=C\C/C=C\CCCCCCCC(=O)OC,"methyl (9Z,12Z,15Z)-octadeca-9,12,15-trienoate",386.0,Saldana11,1,Esters
CCCCC/C=C\C/C=C\CCCCCCCC(=O)OC,"methyl (9Z,12Z)-octadeca-9,12-dienoate",386.0,Saldana11,1,Esters
CCCCCC/C=C\CCCCCCCC(=O)OC,methyl (9Z)-hexadec-9-enoate,386.0,Saldana11,1,Esters
CCCCCCCC/C=C\CCCCCCCC(=O)OC,methyl (9Z)-octadec-9-enoate,386.0,Saldana11,1,Esters
C=CCCCCCCCCC(=O)OC,methyl 10-undecenoate,373.0,Saldana11,1,Esters
COC(=O)C(=C)C,methyl 2-methylprop-2-enoate,284.0,Saldana11,1,Esters
COC(=O)C(C)C,methyl 2-methylpropanoate,276.0,Saldana11,1,Esters
COC(=O)CC=C,methyl but-3-enoate,293.0,Saldana11,1,Esters
CCCC(=O)OC,methyl butanoate,287.0,Saldana11,1,Esters
CCCCCCCCCC(=O)OC,methyl decanoate,367.0,Saldana11,1,Esters
CCCCCCCCCCCC(=O)OC,methyl dodecanoate,386.0,Saldana11,1,Esters
CCCCCCCCCCCCCCCCCCCC(=O)OC,methyl eicosanoate,386.0,Saldana11,1,Esters
COC(=O)C,methyl ethanoate,263.0,Saldana11,1,Esters
CCCCCCCCCCCCCCCCCCCCC(=O)OC,methyl heneicosanoate,386.0,Saldana11,1,Esters
CCCCCCCCCCCCCCCCC(=O)OC,methyl heptadecanoate,383.0,Saldana11,1,Esters
CCCCCCC(=O)OC,methyl heptanoate,325.0,Saldana11,1,Esters
C=CCCCC(=O)OC,methyl hex-5-enoate,319.0,Saldana11,1,Esters
CCCCCCCCCCCCCCCC(=O)OC,methyl hexadecanoate,425.0,Saldana11,1,Esters
CCCCCC(=O)OC,methyl hexanoate,316.0,Saldana11,1,Esters
COC=O,methyl methanoate,254.0,Saldana11,1,Esters
CCCCCCCCCCCCCCCCCCC(=O)OC,methyl nonadecanoate,386.0,Saldana11,1,Esters
CCCCCCCCC(=O)OC,methyl nonanoate,360.0,Saldana11,1,Esters
CCCCCCCCCCCCCCCCCC(=O)OC,methyl octadecanoate,388.0,Saldana11,1,Esters
CCCCCCCC(=O)OC,methyl octanoate,342.0,Saldana11,1,Esters
COC(=O)CCC=C,methyl pent-4-enoate,302.0,Saldana11,1,Esters
CCCCCCCCCCCCCCC(=O)OC,methyl pentadecanoate,386.0,Saldana11,1,Esters
COC(=O)C=C,methyl prop-2-enoate,270.0,Saldana11,1,Esters
CCC(=O)OC,methyl propanoate,271.0,Saldana11,1,Esters
CCCCCCCCCCCCCC(=O)OC,methyl tetradecanoate,,Saldana11,1,Esters
CCCCCCCCCCCCC(=O)OC,methyl tridecanoate,386.0,Saldana11,1,Esters
CCCCCCCCCCC(=O)OC,methyl undecanoate,,Saldana11,1,Esters
CCCCCCCCCCCCCCCCCC(=O)OCCCC,n-butyl octadecanoate,433.0,Saldana11,1,Esters
CCCOC(=O)C,n-propyl ethanoate,288.0,Saldana11,1,Esters
CCCOC=O,n-propyl methanoate,270.0,Saldana11,1,Esters
CCCOC(=O)CC,n-propyl propanoate,292.0,Saldana11,1,Esters
CC(=O)OCC(C)(C)C,neopentyl ethanoate,316.0,Saldana11,1,Esters
CCCCCCCCCOC(=O)C,nonyl ethanoate,372.0,Saldana11,1,Esters
CCCCCCCCCOC=O,nonyl methanoate,360.0,Saldana11,1,Esters
CCCCCCCCCCCCCCCCCC(=O)O,octadecanoic acid,,Saldana11,1,Esters
CCCCCCCCCCCCCCCCCCOC(=O)C,octadecyl ethanoate,,Saldana11,1,Esters
CCCCCCCC/C=C\CCCCCCCC(=O)OCCCCCCCC,octyl (Z)-octadec-9-enoate,,Saldana11,1,Esters
CCCCCCCCOC(=O)CCC,octyl butanoate,378.0,Saldana11,1,Esters
CCCCCCCCCCCC(=O)OCCCCCCCC,octyl dodecanoate,,Saldana11,1,Esters
CCCCCCCCOC(=O)C,octyl ethanoate,359.0,Saldana11,1,Esters
CCCCCCCCCCCCCCCC(=O)OCCCCCCCC,octyl hexadecanoate,,Saldana11,1,Esters
CCCCCCCCOC=O,octyl methanoate,353.0,Saldana11,1,Esters
CCCCCCCCOC(=O)CCCC,octyl pentanoate,,Saldana11,1,Esters
CCCCCCCCCCCCCC(=O)OCCCCCCCC,octyl tetradecanoate,,Saldana11,1,Esters
CCCCCOC(=O)CCCCCCC/C=C\C/C=C\C/C=C\CC,"pentyl (9Z,12Z,15Z)-octadeca-9,12,15-trienoate",,Saldana11,1,Esters
CCCCC/C=C\C/C=C\CCCCCCCC(=O)OCCCCC,"pentyl (9Z,12Z)-octadeca-9,12-dienoate",,Saldana11,1,Esters
CCCCCC/C=C\CCCCCCCC(=O)OCCCCC,pentyl (9Z)-hexadec-9-enoate,,Saldana11,1,Esters
CCCCCCCC/C=C\CCCCCCCC(=O)OCCCCC,pentyl (9Z)-octadec-9-enoate,,Saldana11,1,Esters
CCCCCOC(=O)CCC,pentyl butanoate,345.0,Saldana11,1,Esters
CCCCCCCCCC(=O)OCCCCC,pentyl decanoate,,Saldana11,1,Esters
CCCCCCCCCCCC(=O)OCCCCC,pentyl dodecanoate,,Saldana11,1,Esters
CCCCCCCCCCCCCCCCCCCC(=O)OCCCCC,pentyl eicosanoate,,Saldana11,1,Esters
CCCCCOC(=O)C,pentyl ethanoate,312.0,Saldana11,1,Esters
CCCCCCCCCCCCCCCC(=O)OCCCCC,pentyl hexadecanoate,,Saldana11,1,Esters
CCCCCOC=O,pentyl methanoate,319.0,Saldana11,1,Esters
CCCCCCCCC(=O)OCCCCC,pentyl nonanoate,,Saldana11,1,Esters
CCCCCCCCCCCCCCCCCC(=O)OCCCCC,pentyl octadecanoate,,Saldana11,1,Esters
CCCCCOC(=O)CC,pentyl propanoate,336.0,Saldana11,1,Esters
CCCCCCCCCCCCCC(=O)OCCCCC,pentyl tetradecanoate,,Saldana11,1,Esters
CCCCCCCCCCCCC(=O)OCCCCC,pentyl tridecanoate,,Saldana11,1,Esters
CCCCCCCCCCC(=O)OCCCCC,pentyl undecanoate,,Saldana11,1,Esters
CCCOC(=O)CCCCCCC/C=C\C/C=C\C/C=C\CC,"propyl (9Z,12Z,15Z)-octadeca-9,12,15-trienoate",,Saldana11,1,Esters
CCCCC/C=C\C/C=C\CCCCCCCC(=O)OCCC,"propyl (9Z,12Z)-octadeca-9,12-dienoate",,Saldana11,1,Esters
CCCCCC/C=C\CCCCCCCC(=O)OCCC,propyl (9Z)-hexadec-9-enoate,,Saldana11,1,Esters
CCCCCCCC/C=C\CCCCCCCC(=O)OCCC,propyl (9Z)-octadec-9-enoate,,Saldana11,1,Esters
CCCOC(=O)C(=C)C,propyl 2-methylprop-2-enoate,322.0,Saldana11,1,Esters
CCCCCCCCCC(=O)OCCC,propyl decanoate,,Saldana11,1,Esters
CCCCCCCCCCCC(=O)OCCC,propyl dodecanoate,,Saldana11,1,Esters
CCCCCCCCCCCCCCCCCCCC(=O)OCCC,propyl eicosanoate,,Saldana11,1,Esters
CCCCCCCCCCCCCCCC(=O)OCCC,propyl hexadecanoate,,Saldana11,1,Esters
CCCCCCCCC(=O)OCCC,propyl nonanoate,,Saldana11,1,Esters
CCCCCCCCCCCCCCCCCC(=O)OCCC,propyl octadecanoate,,Saldana11,1,Esters
CCCOC(=O)C=C,propyl prop-2-enoate,311.0,Saldana11,1,Esters
CCCCCCCCCCCCCC(=O)OCCC,propyl tetradecanoate,,Saldana11,1,Esters
CCCCCCCCCCCCC(=O)OCCC,propyl tridecanoate,,Saldana11,1,Esters
CCCCCCCCCCC(=O)OCCC,propyl undecanoate,,Saldana11,1,Esters
CCCCCCCC/C=C\CCCCCCCC(=O)OC(C)CC,sec-butyl (9Z)-octadec-9-enoate,,Saldana11,1,Esters
CCC(C)OC(=O)C,sec-butyl ethanoate,255.0,Saldana11,1,Esters
CCCCCCCCCCCCCCCC(=O)OC(C)CC,sec-butyl hexadecanoate,,Saldana11,1,Esters
CC(CC)OC=O,sec-butyl methanoate,299.0,Saldana11,1,Esters
CCCCCCCCCCCCCCCCCC(=O)OC(C)CC,sec-butyl octadecanoate,,Saldana11,1,Esters
CC(=C)C(=O)OC(C)(C)C,tert-butyl 2-methylprop-2-enoate,300.0,Saldana11,1,Esters
CCCC(=O)OC(C)(C)C,tert-butyl butanoate,320.0,Saldana11,1,Esters
CC(=O)OC(C)(C)C,tert-butyl ethanoate,287.0,Saldana11,1,Esters
O=COC(C)(C)C,tert-butyl methanoate,264.0,Saldana11,1,Esters
CCCCCCCCCCCCCCOC(=O)C,tetradecyl ethanoate,,Saldana11,1,Esters
CCCCCCCCCCCCCCOC=O,tetradecyl methanoate,433.0,Saldana11,1,Esters
CCCCCCCCCCCCCCOC(=O)CCCC,tetradecyl pentanoate,,Saldana11,1,Esters
CCCCCCCCCCCOC(=O)CCC,undecyl butanoate,421.0,Saldana11,1,Esters
CCCCCCCCCCCOC(=O)C,undecyl ethanoate,398.0,Saldana11,1,Esters
CCCCCCCCCCCOC=O,undecyl methanoate,385.0,Saldana11,1,Esters
CCCCCCCCCCCOC(=O)CC,undecyl propanoate,410.0,Saldana11,1,Esters
CCCCCCCCCCCCC1CCCC(C)C1,1-methyl-3-dodecylcyclohexane,,Saldana11,1,Naphtenes
CCCCCCCC1CCCC(C)C1,1-methyl-3-heptylcyclohexane,,Saldana11,1,Naphtenes
CCCCCCCCCC1CCCC(C)C1,1-methyl-3-nonylcyclohexane,,Saldana11,1,Naphtenes
CCCCCC1CCCC(C)C1,1-methyl-3-pentylcyclohexane,,Saldana11,1,Naphtenes
CCCC1CCCC(C)C1,1-methyl-3-propylcyclohexane,,Saldana11,1,Naphtenes
CCCCCCCCCCCC1CCCC(C)C1,1-methyl-3-undecylcyclohexane,,Saldana11,1,Naphtenes
CC1=CCC(CC1)C(=C)C,1-methyl-4-(prop-1-en-2-yl)cyclohex-1-ene,318.0,Saldana11,1,Naphtenes
CC1=CC=C(CC1)C(C)C,"1-methyl-4-(propan-2-yl)cyclohexa-1,3-diene",319.0,Saldana11,1,Naphtenes
CC1=CCC(=CC1)C(C)C,"1-methyl-4-(propan-2-yl)cyclohexa-1,4-diene",324.0,Saldana11,1,Naphtenes
C[C@H]1C[C@H](C)C[C@H](C)C1,"1-trans-3,5-trimethylcyclohexane",292.0,Saldana11,1,Naphtenes
CCC1(CC)CCCCC1,"1,1-diethylcyclohexane",322.0,Saldana11,1,Naphtenes
CC1(C)CCCCC1,"1,1-dimethylcyclohexane",280.0,Saldana11,1,Naphtenes
CC1(C)CCCC1,"1,1-dimethylcyclopentane",257.0,Saldana11,1,Naphtenes
CCCCCCCCCCCCCCCCC1CC(C)C(C)CC1C,"1,2,4-trimethyl-5-hexadecylcyclohexane",,Saldana11,1,Naphtenes
CCCC(CC)C1CC(C)CC(C)C1,"1,3-dimethyl-5-(1-ethylbutyl)cyclohexane",,Saldana11,1,Naphtenes
CCCCCC(CC)C1CC(C)CC(C)C1,"1,3-dimethyl-5-(1-ethylhexyl)cyclohexane",,Saldana11,1,Naphtenes
CC12CC3CC(C1)CC(C)(C3)C2,"1,3-dimethyladamantane",325.0,Saldana11,1,Naphtenes
CC1CC(C)CC(C)C1,"1,3,5-trimethylcyclohexane",,Saldana11,1,Naphtenes
C1CCC2CC3CCCCC3CC2C1,14-hydroanthracene,,Saldana11,1,Naphtenes
C1CC2CCC3CCCC4CCC(C1)C2C34,16-hydropyrene,,Saldana11,1,Naphtenes
CCCCCCCCCCC1CCC2CCCCC2C1,2-decyldecalin,,Saldana11,1,Naphtenes
CCCCC1CCC2CCC(CC)CC2C1,2-ethyl-7-butyldecalin,,Saldana11,1,Naphtenes
CCCCCCC1CCC2CCCCC2C1,2-hexyldecalin,,Saldana11,1,Naphtenes
CCCCCCCCCCCCCC(C)(C)C1CCCCC1,2-methyl-2-cyclohexylpentadecane,,Saldana11,1,Naphtenes
CCCCCCCCC(C)(C)C1CCCC2CCCCC12,2-methyl-2-decalyldecane,,Saldana11,1,Naphtenes
CCCCCC[C@@H](C(C)C)C1CCCCC1,2-methyl-3(R)-cyclohexylnonane,,Saldana11,1,Naphtenes
CCCCCC[C@H](C(C)C)C1CCCCC1,2-methyl-3(S)-cyclohexylnonane,,Saldana11,1,Naphtenes
CC1=CCC(C=C1)C(C)C,"2-methyl-5-propan-2-ylcyclohexa-1,3-diene",322.0,Saldana11,1,Naphtenes
CC1CCC2CCCCC2C1,2-methyldecalin,,Saldana11,1,Naphtenes
C1CC2C=CC1C2,2-norbornene,258.0,Saldana11,1,Naphtenes
CC1CC2CCCCC2C(C)C1,"2,4-dimethyldecalin",,Saldana11,1,Naphtenes
CCCCCCCCCCCC[C@@H](C)C1CCCCC1,2(R)-cyclohexyltetradecane,,Saldana11,1,Naphtenes
CCCCCCCCCCCC[C@H](C)C1CCCCC1,2(S)-cyclohexyltetradecane,,Saldana11,1,Naphtenes
C=C1CCC(C=C1)C(C)C,3-methylidene-6-(propan-2-yl)cyclohex-1-ene,322.0,Saldana11,1,Naphtenes
C=C1C2CCC(C2)C1(C)C,"3,3-dimethyl-2-methylidenebicyclo[2.2.1]heptane",309.0,Saldana11,1,Naphtenes
CCC[C@@H](CC)C1CCCCC1,3(R)-cyclohexylhexane,,Saldana11,1,Naphtenes
CCCCCC[C@@](C)(CC)C1CCCC2CCCCC12,3(R)-methyl-3-decalylnonane,,Saldana11,1,Naphtenes
CCC[C@H](CC)C1CCCCC1,3(S)-cyclohexylhexane,,Saldana11,1,Naphtenes
CCCCCC[C@](C)(CC)C1CCCC2CCCCC12,3(S)-methyl-3-decalylnonane,,Saldana11,1,Naphtenes
CCCC(C)(CCC)C1CCCC2CCCCC12,4-methyl-4-decalylheptane,,Saldana11,1,Naphtenes
CC1=CCC2CC1C2(C)C,"4,6,6-trimethylbicyclo[3.1.1]hept-3-ene",303.0,Saldana11,1,Naphtenes
CC=C1CC2CC1C=C2,5-ethylidene-2-norbornene,311.0,Saldana11,1,Naphtenes
CCCCCCCCCCCCCCC[C@@H](CCCC)C1CCCCC1,5(R)-cyclohexyleicosane,,Saldana11,1,Naphtenes
CCCCCCCCCCCCCCC[C@H](CCCC)C1CCCCC1,5(S)-cyclohexyleicosane,,Saldana11,1,Naphtenes
C=C1CCC2CC1C2(C)C,"6,6-dimethyl-4-methylidenebicyclo[3.1.1]heptane",304.0,Saldana11,1,Naphtenes
C1CCC(CC1)C1CCCCC1,bicyclohexyl,347.0,Saldana11,1,Naphtenes
CCCCC1CCCCC1,butylcyclohexane,321.0,Saldana11,1,Naphtenes
CCCCC1CCCC1,butylcyclopentane,308.0,Saldana11,1,Naphtenes
CCCCC1CCCC2CCCCC12,butyldecalin,,Saldana11,1,Naphtenes
C[C@@H]1CCCC[C@@H]1C,"cis-1,2-dimethylcyclohexane",284.0,Saldana11,1,Naphtenes
C[C@@H]1CCC[C@@H]1C,"cis-1,2-dimethylcyclopentane",269.0,Saldana11,1,Naphtenes
C[C@@H]1CCC[C@H](C)C1,"cis-1,3-dimethylcyclohexane",279.0,Saldana11,1,Naphtenes
C[C@H]1CC[C@@H](C)CC1,"cis-1,4-dimethylcyclohexane",279.0,Saldana11,1,Naphtenes
C1CC[C@@H]2CCCC[C@@H]2C1,cis-decalin,323.0,Saldana11,1,Naphtenes
C1CCCCCCCCC1,cyclodecane,338.0,Saldana11,1,Naphtenes
C1C=CCCC=CCCC=CC1,"cyclododeca-1,5,9-triene",360.0,Saldana11,1,Naphtenes
C1CCCCCC1,cycloheptane,267.0,Saldana11,1,Naphtenes
C1CC=CC=C1,"cyclohexa-1,3-diene",257.0,Saldana11,1,Naphtenes
C1C=CCC=C1,"cyclohexa-1,4-diene",262.0,Saldana11,1,Naphtenes
C1CCCCC1,cyclohexane,253.0,Saldana11,1,Naphtenes
C1CCCCCCCC1,cyclononane,316.0,Saldana11,1,Naphtenes
C1=CC=CC=CC=C1,"cycloocta-1,3,5,7-tetraene",295.0,Saldana11,1,Naphtenes
C1C=CCCC=CC1,"cycloocta-1,5-diene",308.0,Saldana11,1,Naphtenes
C1CCCCCCC1,cyclooctane,303.0,Saldana11,1,Naphtenes
C1C=CC=C1,"cyclopenta-1,3-diene",273.0,Saldana11,1,Naphtenes
C1CCCC1,cyclopentane,236.0,Saldana11,1,Naphtenes
CCCCCCCCCCC1CCCCC1,decylcyclohexane,,Saldana11,1,Naphtenes
C1=CC2C3C=CC(C3)C2C1,dicyclopentadiene,305.0,Saldana11,1,Naphtenes
CCCCCCCCCCCCC1CCCCC1,dodecylcyclohexane,,Saldana11,1,Naphtenes
CCCCCCCCCCCCCCCCCCCCC1CCCCC1,eicosylcyclohexane,,Saldana11,1,Naphtenes
C=CC1CC2C=CC1C2,ethenylnorbornene,300.0,Saldana11,1,Naphtenes
CCC1CCCCC1,ethylcyclohexane,295.0,Saldana11,1,Naphtenes
CCC1CCCC1,ethylcyclopentane,269.0,Saldana11,1,Naphtenes
CCCCCCCCCCCCCCCCCC1CCCCC1,heptadecylcyclohexane,,Saldana11,1,Naphtenes
CCCCCCCC1CCCCC1,heptylcyclohexane,,Saldana11,1,Naphtenes
CCCCCCCCCCCCCCCCC1CCCCC1,hexadecylcyclohexane,,Saldana11,1,Naphtenes
CCCCCCC1CCCCC1,hexylcyclohexane,,Saldana11,1,Naphtenes
CC(C)C1CCCCC1,isopropylcyclohexane,308.0,Saldana11,1,Naphtenes
CC(C)C1CCCC1,isopropylcyclopentane,287.0,Saldana11,1,Naphtenes
CC1CCCCC1,methylcyclohexane,267.0,Saldana11,1,Naphtenes
CC1=CC=CC1,methylcyclopentadiene,322.0,Saldana11,1,Naphtenes
CC1CCCC1,methylcyclopentane,246.0,Saldana11,1,Naphtenes
C=C1CCCC1,methylenecyclopentane,254.0,Saldana11,1,Naphtenes
CCCCCCCCCCCCCCCCCCCC1CCCCC1,nonadecylcyclohexane,,Saldana11,1,Naphtenes
CCCCCCCCCC1CCCCC1,nonylcyclohexane,,Saldana11,1,Naphtenes
CCCCCCCCCCCCCCCCCCC1CCCCC1,octadecylcyclohexane,,Saldana11,1,Naphtenes
CCCCCCCCC1CCCCC1,octylcyclohexane,,Saldana11,1,Naphtenes
CCCCCCCCC1CCCC2CCCCC12,octyldecalin,,Saldana11,1,Naphtenes
CCCCCCCCCCCCCCCC1CCCCC1,pentadecylcyclohexane,,Saldana11,1,Naphtenes
CCCCCC1CCCCC1,pentylcyclohexane,339.0,Saldana11,1,Naphtenes
C=CCC1CCCCC1,prop-2-enylcyclohexane,302.0,Saldana11,1,Naphtenes
C=CCC1CCCC1,prop-2-enylcyclopentane,285.0,Saldana11,1,Naphtenes
CCCC1CCCCC1,propylcyclohexane,304.0,Saldana11,1,Naphtenes
CCCC1CCCC1,propylcyclopentane,289.0,Saldana11,1,Naphtenes
CCCC1CCCC2CCCCC12,propyldecalin,,Saldana11,1,Naphtenes
CC[C@@H](C)C1CCCC2CCCCC12,sec-(R)butyldecalin,,Saldana11,1,Naphtenes
CC[C@H](C)C1CCCC2CCCCC12,sec-(S)butyldecalin,,Saldana11,1,Naphtenes
CC1=CCC(=C(C)C)CC1,terpinolene,311.0,Saldana11,1,Naphtenes
CC(C)(C)C1CCCCC1,tert-butylcyclohexane,315.0,Saldana11,1,Naphtenes
CC(C)(C)C1CCCC2CCCCC12,tert-butyldecalin,,Saldana11,1,Naphtenes
CCCCCCCCCCCCCCC1CCCCC1,tetradecylcyclohexane,,Saldana11,1,Naphtenes
C[C@@H]1CCCC[C@H]1C,"trans-1,2-dimethylcyclohexane",280.0,Saldana11,1,Naphtenes
C[C@@H]1CCC[C@@H](C)C1,"trans-1,3-dimethylcyclohexane",281.0,Saldana11,1,Naphtenes
C[C@@H]1CC[C@@H](C)CC1,"trans-1,4-dimethylcyclohexane",284.0,Saldana11,1,Naphtenes
C1CC[C@@H]2CCCC[C@H]2C1,trans-decalin,325.0,Saldana11,1,Naphtenes
CCCCCCCCCCCCCC1CCCCC1,tridecylcyclohexane,,Saldana11,1,Naphtenes
CCCCCCCCCCCC1CCCCC1,undecylcyclohexane,,Saldana11,1,Naphtenes
CCCCCCCCC[C@@H](C)/C=C/[C@H](C)CCCCCCCCC,"(11E)-(10R,13R)-dimethyldoeicos-11-ene",,Saldana11,1,Olefins
CCCCCCCCC[C@@H](C)/C=C/[C@@H](C)CCCCCCCCC,"(11E)-(10R,13S)-dimethyldoeicos-11-ene",,Saldana11,1,Olefins
CCCCCCCCC[C@H](C)/C=C/[C@@H](C)CCCCCCCCC,"(11E)-(10S,13S)-dimethyldoeicos-11-ene",,Saldana11,1,Olefins
CCCCCCCCC[C@@H](C)/C=C\[C@H](C)CCCCCCCCC,"(11Z)-(10R,13R)-dimethyldoeicos-11-ene",,Saldana11,1,Olefins
CCCCCCCCC[C@@H](C)/C=C\[C@@H](C)CCCCCCCCC,"(11Z)-(10R,13S)-dimethyldoeicos-11-ene",,Saldana11,1,Olefins
CCCCCCCCC[C@H](C)/C=C\[C@@H](C)CCCCCCCCC,"(11Z)-(10S,13S)-dimethyldoeicos-11-ene",,Saldana11,1,Olefins
C/C=C/C=C/C,"(2E,4E)-hexa-2,4-diene",266.0,Saldana11,1,Olefins
CCC/C=C/C,(2E)-2-hexene,246.0,Saldana11,1,Olefins
CC/C=C/C,(2E)-2-pentene,228.0,Saldana11,1,Olefins
CCC/C=C/CC,(2E)-3-heptene,267.0,Saldana11,1,Olefins
CC/C(=C/C)/C,(2E)-3-methylpent-2-ene,246.0,Saldana11,1,Olefins
C/C=C/C(C)C,(2E)-4-methylpent-2-ene,239.0,Saldana11,1,Olefins
CCCC/C=C/C,(2E)-hept-2-ene,272.0,Saldana11,1,Olefins
CCCCC/C=C/C,(2E)-oct-2-ene,294.0,Saldana11,1,Olefins
C/C=C/C=C\C,"(2Z,4E)-hexa-2,4-diene",266.0,Saldana11,1,Olefins
CC/C(=C\C)/C,(2Z)-3-methylpent-2-ene,245.0,Saldana11,1,Olefins
C/C=C\C(C)C,(2Z)-4-methylpent-2-ene,237.0,Saldana11,1,Olefins
C/C=C\C,(2Z)-but-2-ene,200.0,Saldana11,1,Olefins
CCCC/C=C\C,(2Z)-hept-2-ene,265.0,Saldana11,1,Olefins
CCC/C=C\C,(2Z)-hex-2-ene,247.0,Saldana11,1,Olefins
CCCCC/C=C\C,(2Z)-oct-2-ene,294.0,Saldana11,1,Olefins
CC/C=C\C,(2Z)-pent-2-ene,226.0,Saldana11,1,Olefins
CC/C=C/C=C,"(3E)-1,3-hexadiene",254.0,Saldana11,1,Olefins
CC/C=C/CC,(3E)-3-hexene,261.0,Saldana11,1,Olefins
CCCC/C=C/CC,(3E)-3-octene,282.0,Saldana11,1,Olefins
CCC/C=C\CC,(3Z)-hept-3-ene,264.0,Saldana11,1,Olefins
CC/C=C\CC,(3Z)-hex-3-ene,245.0,Saldana11,1,Olefins
CCCC/C=C\CC,(3Z)-oct-3-ene,290.0,Saldana11,1,Olefins
CCCCCCC/C=C(\CCC)/CCCC,(4E)-4-butyldodec-4-ene,,Saldana11,1,Olefins
C=CC/C=C/C,"(4E)-hexa-1,4-diene",248.0,Saldana11,1,Olefins
CCC/C=C/CCC,(4E)-oct-4-ene,281.0,Saldana11,1,Olefins
CCCCCCC/C=C(/CCC)\CCCC,(4Z)-4-butyldodec-4-ene,,Saldana11,1,Olefins
CCCCCCC/C(=C\CCC)/CCCC,(4Z)-5-butyldodec-4-ene,,Saldana11,1,Olefins
C=CC/C=C\C,"(4Z)-hexa-1,4-diene",248.0,Saldana11,1,Olefins
CCC/C=C\CCC,(4Z)-oct-4-ene,290.0,Saldana11,1,Olefins
CCCCCCC/C(=C/CCC)/CCCC,(5E)-5-butyldodec-4-ene,,Saldana11,1,Olefins
CCCCCC/C(=C(\C)/CCC=C(C)C)/C,"(6E)-2,6,7-trimethyltridec-2,6-diene",,Saldana11,1,Olefins
CCCCCC/C(=C(/C)\CCC=C(C)C)/C,"(6Z)-2,6,7-trimethyltridec-2,6-diene",,Saldana11,1,Olefins
CCCCCC[C@@H](C)/C=C/[C@H](C)CCCCCC,"(8E)-(7R,10R)-dimethylhexadec-8-ene",,Saldana11,1,Olefins
CCCCCC[C@@H](C)/C=C/[C@@H](C)CCCCCC,"(8E)-(7R,10S)-dimethylhexadec-8-ene",,Saldana11,1,Olefins
CCCCCC[C@H](C)/C=C/[C@@H](C)CCCCCC,"(8E)-(7S,10S)-dimethylhexadec-8-ene",,Saldana11,1,Olefins
CCCCCCC/C(=C/CCCCCC)/CCC,(8E)-8-propylpentadec-8-ene,,Saldana11,1,Olefins
CCCCCC[C@@H](C)/C=C\[C@H](C)CCCCCC,"(8Z)-(7R,10R)-dimethylhexadec-8-ene",,Saldana11,1,Olefins
CCCCCC[C@@H](C)/C=C\[C@@H](C)CCCCCC,"(8Z)-(7R,10S)-dimethylhexadec-8-ene",,Saldana11,1,Olefins
CCCCCC[C@H](C)/C=C\[C@@H](C)CCCCCC,"(8Z)-(7S,10S)-dimethylhexadec-8-ene",,Saldana11,1,Olefins
CCCCCCC/C(=C\CCCCCC)/CCC,(8Z)-8-propylpentadec-8-ene,,Saldana11,1,Olefins
CCCCCCCC/C(=C/CCCCCCC)/C,(9E)-9-methylheptadec-9-ene,,Saldana11,1,Olefins
CCCCCCCC/C(=C\CCCCCCC)/C,(9Z)-9-methylheptadec-9-ene,,Saldana11,1,Olefins
CC1=CCCCC1,1-methylcyclohex-1-ene,272.0,Saldana11,1,Olefins
CC1=CCCC1,1-methylcyclopent-1-ene,256.0,Saldana11,1,Olefins
CC1CCCC(=C1)C,"1,3-dimethylcyclohex-1-ene",285.0,Saldana11,1,Olefins
CCC(=C)CC,2-ethylbut-1-ene,247.0,Saldana11,1,Olefins
CCCC(=C)CC,2-ethylpent-1-ene,263.0,Saldana11,1,Olefins
CCC(=C)C,2-methylbut-1-ene,226.0,Saldana11,1,Olefins
CC=C(C)C,2-methylbut-2-ene,228.0,Saldana11,1,Olefins
CCCCCC(=C)C,2-methylhept-1-ene,283.0,Saldana11,1,Olefins
CCCCC=C(C)C,2-methylhept-2-ene,281.0,Saldana11,1,Olefins
CCCCC(=C)C,2-methylhex-1-ene,267.0,Saldana11,1,Olefins
CCCC(=C)C,2-methylpent-1-ene,247.0,Saldana11,1,Olefins
CCC=C(C)C,2-methylpent-2-ene,250.0,Saldana11,1,Olefins
CC(=C)C,2-methylprop-1-ene,197.0,Saldana11,1,Olefins
C=C(CC(C)(C)C)CC(C)(C)CC(C)(C)C,"2,2,6,6,8,8-hexamethyl-4-methylene-nonane",,Saldana11,1,Olefins
CC(=C)C(C)C,"2,3-dimethylbut-1-ene",255.0,Saldana11,1,Olefins
CC(=C(C)C)C,"2,3-dimethylbut-2-ene",257.0,Saldana11,1,Olefins
CC(=C)C(=C)C,"2,3-dimethylbuta-1,3-diene",251.0,Saldana11,1,Olefins
CCCC(C)C(=C)C,"2,3-dimethylhex-1-ene",281.0,Saldana11,1,Olefins
CCC(C)C(=C)C,"2,3-dimethylpent-1-ene",256.0,Saldana11,1,Olefins
CC(=C)C(C)(C)C,"2,3,3-trimethylbut-1-ene",256.0,Saldana11,1,Olefins
CC(C)C(=C(C)C)C,"2,3,4-trimethylpent-2-ene",275.0,Saldana11,1,Olefins
CC(=C)CC(C)(C)C,"2,4,4-trimethylpent-1-ene",268.0,Saldana11,1,Olefins
CC(=CC(C)(C)C)C,"2,4,4-trimethylpent-2-ene",272.0,Saldana11,1,Olefins
CC(=C)CCC(=C)C,"2,5-dimethylhexa-1,5-diene",280.0,Saldana11,1,Olefins
CC(=CC=C(C)C)C,"2,5-dimethylhexa-2,4-diene",297.0,Saldana11,1,Olefins
CC(C)CCCC(=C)C,"2,6-dimethylhept-1-ene",,Saldana11,1,Olefins
CCCC(CC)C=C,3-ethylhex-1-ene,274.0,Saldana11,1,Olefins
CCC(CC)C=C,3-ethylpent-1-ene,256.0,Saldana11,1,Olefins
CCC(=CC)CC,3-ethylpent-2-ene,267.0,Saldana11,1,Olefins
C=CC(C)C,3-methylbut-1-ene,217.0,Saldana11,1,Olefins
C=C=C(C)C,"3-methylbuta-1,2-diene",261.0,Saldana11,1,Olefins
CC1CCCC=C1,3-methylcyclohex-1-ene,270.0,Saldana11,1,Olefins
CC(CCC)C=C,3-methylhex-1-ene,255.0,Saldana11,1,Olefins
CC(CC)C=C,3-methylpent-1-ene,245.0,Saldana11,1,Olefins
CC=C(C)C=C,"3-methylpenta-1,3-diene",245.0,Saldana11,1,Olefins
CCC(=CCCCCCCC=C(CC)CC)CC,"3,12-diethyltetradeca-3,11-diene",,Saldana11,1,Olefins
C=CC(C)(C)C,"3,3-dimethylbut-1-ene",245.0,Saldana11,1,Olefins
C=CC1CCC=CC1,4-ethenylcyclohex-1-ene,289.0,Saldana11,1,Olefins
CC1CCC=CC1,4-methylcyclohex-1-ene,,Saldana11,1,Olefins
CCCC(C)CC=C,4-methylhept-1-ene,275.0,Saldana11,1,Olefins
CC(CC=C)CC,4-methylhex-1-ene,258.0,Saldana11,1,Olefins
C=CCC(C)C,4-methylpent-1-ene,242.0,Saldana11,1,Olefins
C=CC=C(C)C,"4-methylpenta-1,3-diene",255.0,Saldana11,1,Olefins
C=CCC(C)(C)C,"4,4-dimethylpent-1-ene",261.0,Saldana11,1,Olefins
C=CCCC(C)C,5-methylhex-1-ene,263.0,Saldana11,1,Olefins
CCCCCCCC=C(CCCCCC)CCCCCC,7-hexylpentadec-7-ene,,Saldana11,1,Olefins
C=CCCCCC(C)C,7-methyloct-1-ene,291.0,Saldana11,1,Olefins
CCCCCC[C@@H](CCCC)CCCCC=C,7(R)-7-butyltridec-1-ene,,Saldana11,1,Olefins
CCCCCC[C@H](CCCC)CCCCC=C,7(S)-7-butyltridec-1-ene,,Saldana11,1,Olefins
CCC=C,but-1-ene,193.0,Saldana11,1,Olefins
C=CC=C,"buta-1,3-diene",197.0,Saldana11,1,Olefins
C1CCC=CCC1,cycloheptene,267.0,Saldana11,1,Olefins
C1CCC=CC1,cyclohexene,243.0,Saldana11,1,Olefins
C1CCCC=CCC1,cyclooctene,298.0,Saldana11,1,Olefins
C1CC=CC1,cyclopentene,244.0,Saldana11,1,Olefins
CCCCCCCCC=C,dec-1-ene,311.0,Saldana11,1,Olefins
C=CCCCCCCC=C,"dec-1,9-diene",,Saldana11,1,Olefins
CCCCCCCCCCC=C,dodec-1-ene,346.0,Saldana11,1,Olefins
C=CC1CCCCC1,ethenylcyclohexane,,Saldana11,1,Olefins
CCCCCC=C,hept-1-ene,265.0,Saldana11,1,Olefins
CCCCCC#C,hept-1-yne,,Saldana11,1,Olefins
C=CCCCC=C,"hepta-1,6-diene",263.0,Saldana11,1,Olefins
CCCCCCCCCCCCCCCC=C,heptadec-1-ene,408.0,Saldana11,1,Olefins
CCCCC=C,hex-1-ene,247.0,Saldana11,1,Olefins
C=CCCC=C,"hexa-1,5-diene",246.0,Saldana11,1,Olefins
CCCCCCCCCCCCCCC=C,hexadec-1-ene,405.0,Saldana11,1,Olefins
C=CC(=C)C,isoprene,219.0,Saldana11,1,Olefins
CCCCCCCC=C,non-1-ene,298.0,Saldana11,1,Olefins
C=CCCCCCC=C,"nona-1,8-diene",299.0,Saldana11,1,Olefins
CCCCCCC=C,oct-1-ene,281.0,Saldana11,1,Olefins
C=CCCCCC=C,"octa-1,7-diene",282.0,Saldana11,1,Olefins
CCCCCCCCCCCCCCCCC=C,octadec-1-ene,421.0,Saldana11,1,Olefins
CCCC=C,pent-1-ene,222.0,Saldana11,1,Olefins
CCCCCCCCCCCCCC=C,pentadec-1-ene,385.0,Saldana11,1,Olefins
CC=C,propylene,165.0,Saldana11,1,Olefins
CCCCCCCCCCCCC=C,tetradec-1-ene,370.0,Saldana11,1,Olefins
CCCCCCCCCCCC=C,tridec-1-ene,352.0,Saldana11,1,Olefins
CCCCCCCCCC=C,undec-1-ene,327.0,Saldana11,1,Olefins
CCCCCCCCC[C@@H](C)CC[C@H](C)CCCCCCCCC,"(10R,13R)-dimethyldocosane",,Saldana11,1,Paraffins
CCCCCCCCC[C@@H](C)CC[C@@H](C)CCCCCCCCC,"(10R,13S)-dimethyldocosane",,Saldana11,1,Paraffins
CCCCCCCCC[C@H](C)CC[C@@H](C)CCCCCCCCC,"(10S,13S)-dimethyldocosane",,Saldana11,1,Paraffins
CCCCCCCCCCC[C@@H](C)CCCC[C@H](C)CC,"(3R,10R)-dimethylnonadecane",,Saldana11,1,Paraffins
CCCCCCCCCCC[C@H](C)CCCC[C@H](C)CC,"(3R,10S)-dimethylnonadecane",,Saldana11,1,Paraffins
CCCCCCCCCC[C@@H](C)[C@H](C)CC,"(3R,4R)-dimethyltetradecane",,Saldana11,1,Paraffins
CCCCCCCCCC[C@H](C)[C@H](C)CC,"(3R,4S)-dimethyltetradecane",,Saldana11,1,Paraffins
CCC(CC)CCCCC[C@@H](C)C[C@H](C)CC,"(3R,5R)-dimethyl-11-ethyltridecane",,Saldana11,1,Paraffins
CCCCCCCC(CC)[C@H](C)C[C@H](C)CC,"(3R,5R)-dimethyl-6-ethyltridecane",,Saldana11,1,Paraffins
CCC[C@@H](CC)[C@H](C)C[C@H](C)CC,"(3R,5R)-dimethyl-6(R)-ethylnonane",,Saldana11,1,Paraffins
CCC(CC)CCC[C@@H](C)C[C@H](C)CC,"(3R,5R)-dimethyl-9-ethylundecane",,Saldana11,1,Paraffins
CCCC[C@@H](C)C[C@H](C)CC,"(3R,5R)-dimethylnonane",,Saldana11,1,Paraffins
CC[C@@H](C)C[C@@H](C)[C@H](C)CC,"(3R,5S,6R)-trimethyloctane",,Saldana11,1,Paraffins
CCC(CC)CCCCC[C@H](C)C[C@H](C)CC,"(3R,5S)-dimethyl-11-ethyltridecane",,Saldana11,1,Paraffins
CCCCCCCC(CC)[C@@H](C)C[C@H](C)CC,"(3R,5S)-dimethyl-6-ethyltridecane",,Saldana11,1,Paraffins
CCCCC[C@@H](CC)[C@H](C)C[C@H](C)CC,"(3R,5S)-dimethyl-6(R)-ethylundecane",,Saldana11,1,Paraffins
CCC(CC)CCC[C@H](C)C[C@H](C)CC,"(3R,5S)-dimethyl-9-ethylundecane",,Saldana11,1,Paraffins
CCCC[C@H](C)C[C@H](C)CC,"(3R,5S)-dimethylnonane",,Saldana11,1,Paraffins
CCCCC[C@@H](C)CC[C@H](C)CC,"(3R,6R)-dimethylundecane",,Saldana11,1,Paraffins
CCCCC[C@H](C)CC[C@H](C)CC,"(3R,6S)-dimethylundecane",,Saldana11,1,Paraffins
CCCCCC[C@@H](C)CCC[C@H](C)CC,"(3R,7R)-dimethyltridecane",,Saldana11,1,Paraffins
CCCCCC[C@H](C)CCC[C@H](C)CC,"(3R,7S)-dimethyltridecane",,Saldana11,1,Paraffins
CCCCCCC[C@@H](C)CCCC[C@H](C)CC,"(3R,8R)-dimethylpentadecane",,Saldana11,1,Paraffins
CCCCCCC[C@H](C)CCCC[C@H](C)CC,"(3R,8S)-dimethylpentadecane",,Saldana11,1,Paraffins
CCCCCCCCC[C@@H](C)CCCC[C@H](C)CC,"(3R,9R)-dimethylheptadecane",,Saldana11,1,Paraffins
CCCCCCCCC[C@H](C)CCCC[C@H](C)CC,"(3R,9S)-dimethylheptadecane",,Saldana11,1,Paraffins
CCCCCCCCCCC[C@@H](C)CCCC[C@@H](C)CC,"(3S,10R)-dimethylnonadecane",,Saldana11,1,Paraffins
CCCCCCCCCCC[C@H](C)CCCC[C@@H](C)CC,"(3S,10S)-dimethylnonadecane",,Saldana11,1,Paraffins
CCCCCCCCCC[C@@H](C)[C@@H](C)CC,"(3S,4R)-dimethyltetradecane",,Saldana11,1,Paraffins
CCCCCCCCCC[C@H](C)[C@@H](C)CC,"(3S,4S)-dimethyltetradecane",,Saldana11,1,Paraffins
CCC(CC)CCCCC[C@@H](C)C[C@@H](C)CC,"(3S,5R)-dimethyl-11-ethyltridecane",,Saldana11,1,Paraffins
CCCCCCCC(CC)[C@H](C)C[C@@H](C)CC,"(3S,5R)-dimethyl-6-ethyltridecane",,Saldana11,1,Paraffins
CCC(CC)CCC[C@@H](C)C[C@@H](C)CC,"(3S,5R)-dimethyl-9-ethylundecane",,Saldana11,1,Paraffins
CCCC[C@@H](C)C[C@@H](C)CC,"(3S,5R)-dimethylnonane",,Saldana11,1,Paraffins
CCC(CC)CCCCC[C@H](C)C[C@@H](C)CC,"(3S,5S)-dimethyl-11-ethyltridecane",,Saldana11,1,Paraffins
CCCCCCCC(CC)[C@@H](C)C[C@@H](C)CC,"(3S,5S)-dimethyl-6-ethyltridecane",,Saldana11,1,Paraffins
CCC(CC)CCC[C@H](C)C[C@@H](C)CC,"(3S,5S)-dimethyl-9-ethylundecane",,Saldana11,1,Paraffins
CCCC[C@H](C)C[C@@H](C)CC,"(3S,5S)-dimethylnonane",,Saldana11,1,Paraffins
CCCCC[C@@H](C)CC[C@@H](C)CC,"(3S,6R)-dimethylundecane",,Saldana11,1,Paraffins
CCCCC[C@H](C)CC[C@@H](C)CC,"(3S,6S)-dimethylundecane",,Saldana11,1,Paraffins
CCCCCC[C@@H](C)CCC[C@@H](C)CC,"(3S,7R)-dimethyltridecane",,Saldana11,1,Paraffins
CCCCCC[C@H](C)CCC[C@@H](C)CC,"(3S,7S)-dimethyltridecane",,Saldana11,1,Paraffins
CCCCCCC[C@@H](C)CCCC[C@@H](C)CC,"(3S,8R)-dimethylpentadecane",,Saldana11,1,Paraffins
CCCCCCC[C@H](C)CCCC[C@@H](C)CC,"(3S,8S)-dimethylpentadecane",,Saldana11,1,Paraffins
CCCCCCCCC[C@@H](C)CCCC[C@@H](C)CC,"(3S,9R)-dimethylheptadecane",,Saldana11,1,Paraffins
CCCCCCCCC[C@H](C)CCCC[C@@H](C)CC,"(3S,9S)-dimethylheptadecane",,Saldana11,1,Paraffins
CCC[C@@H](CC)[C@H](CC)CCC,"(4R,5R)-diethyloctane",,Saldana11,1,Paraffins
CCC[C@@H](CC)[C@@H](CC)CCC,"(4R,5S)-diethyloctane",,Saldana11,1,Paraffins
CCC[C@H](CC)[C@@H](CC)CCC,"(4S,5S)-diethyloctane",,Saldana11,1,Paraffins
CCCCCCCC[C@@H](C)[C@H](C)CCCC,"(5R,6R)-dimethyltetradecane",,Saldana11,1,Paraffins
CCCCCCCC[C@H](C)[C@H](C)CCCC,"(5R,6S)-dimethyltetradecane",,Saldana11,1,Paraffins
CCCCCCCC[C@@H](C)[C@@H](C)CCCC,"(5S,6R)-dimethyltetradecane",,Saldana11,1,Paraffins
CCCCCCCC[C@H](C)[C@@H](C)CCCC,"(5S,6S)-dimethyltetradecane",,Saldana11,1,Paraffins
CCCCCC[C@@H](CC)[C@H](CC)CCCCCC,"(7R,8R)-diethyltetradecane",,Saldana11,1,Paraffins
CCCCCC[C@@H](C)[C@H](C)CCCCCC,"(7R,8R)-dimethyltetradecane",,Saldana11,1,Paraffins
CCCCCC[C@@H](CC)[C@@H](CC)CCCCCC,"(7R,8S)-diethyltetradecane",,Saldana11,1,Paraffins
CCCCCC[C@@H](C)[C@@H](C)CCCCCC,"(7R,8S)-dimethyltetradecane",,Saldana11,1,Paraffins
CCCCCC[C@H](CC)[C@@H](CC)CCCCCC,"(7S,8S)-diethyltetradecane",,Saldana11,1,Paraffins
CCCCCC[C@H](C)[C@@H](C)CCCCCC,"(7S,8S)-dimethyltetradecane",,Saldana11,1,Paraffins
CCCCCCCC[C@@H](C)[C@H](C)CCCCCCCC,"(9R,10R)-dimethyloctadecane",,Saldana11,1,Paraffins
CCCCCCCC[C@@H](CCC)[C@H](CCC)CCCCCCCC,"(9R,10R)-dipropyloctadecane",,Saldana11,1,Paraffins
CCCCCCCC[C@@H](C)[C@@H](C)CCCCCCCC,"(9R,10S)-dimethyloctadecane",,Saldana11,1,Paraffins
CCCCCCCC[C@@H](CCC)[C@@H](CCC)CCCCCCCC,"(9R,10S)-dipropyloctadecane",,Saldana11,1,Paraffins
CCCCCCCC[C@H](C)[C@@H](C)CCCCCCCC,"(9S,10S)-dimethyloctadecane",,Saldana11,1,Paraffins
CCCCCCCC[C@H](CCC)[C@@H](CCC)CCCCCCCC,"(9S,10S)-dipropyloctadecane",,Saldana11,1,Paraffins
CCCCC(CC)C(C)C,2-methyl-3-ethylheptane,,Saldana11,1,Paraffins
CCCC(CC)C(C)C,2-methyl-3-ethylhexane,,Saldana11,1,Paraffins
CCCC(CC)CC(C)C,2-methyl-4-ethylheptane,,Saldana11,1,Paraffins
CCC(CC)CC(C)C,2-methyl-4-ethylhexane,,Saldana11,1,Paraffins
CCCCCCCCC(C)C,2-methyldecane,,Saldana11,1,Paraffins
CCCCCCCCCCC(C)C,2-methyldodecane,,Saldana11,1,Paraffins
CCCCCCCCCCCCCCCCCCC(C)C,2-methyleicosane,,Saldana11,1,Paraffins
CCCCCCCCCCCCCCCC(C)C,2-methylheptadecane,,Saldana11,1,Paraffins
CCCCCC(C)C,2-methylheptane,277.0,Saldana11,1,Paraffins
CCCCCCCCCCCCCCC(C)C,2-methylhexadecane,,Saldana11,1,Paraffins
CCCCC(C)C,2-methylhexane,255.0,Saldana11,1,Paraffins
CCCCCCCCCCCCCCCCCC(C)C,2-methylnonadecane,,Saldana11,1,Paraffins
CCCCCCCC(C)C,2-methylnonane,314.0,Saldana11,1,Paraffins
CCCCCCCCCCCCCCCCC(C)C,2-methyloctadecane,,Saldana11,1,Paraffins
CCCCCCC(C)C,2-methyloctane,297.0,Saldana11,1,Paraffins
CCCCCCCCCCCCCC(C)C,2-methylpentadecane,,Saldana11,1,Paraffins
CCCCCCCCCCCCC(C)C,2-methyltetradecane,,Saldana11,1,Paraffins
CCCCCCCCCCCC(C)C,2-methyltridecane,,Saldana11,1,Paraffins
CCCCCCCCCC(C)C,2-methylundecane,,Saldana11,1,Paraffins
CCC(C)(C)C,"2,2-dimethylbutane",225.0,Saldana11,1,Paraffins
CCCCCCCCC(C)(C)C,"2,2-dimethyldecane",,Saldana11,1,Paraffins
CCCCCC(C)(C)C,"2,2-dimethylheptane",297.0,Saldana11,1,Paraffins
CCCCC(C)(C)C,"2,2-dimethylhexane",269.0,Saldana11,1,Paraffins
CCCCCCC(C)(C)C,"2,2-dimethyloctane",304.0,Saldana11,1,Paraffins
CCCC(C)(C)C,"2,2-dimethylpentane",258.0,Saldana11,1,Paraffins
CC(C)(C)C,"2,2-dimethylpropane",208.0,Saldana11,1,Paraffins
CC(C)C(C)(C)C,"2,2,3-trimethylbutane",249.0,Saldana11,1,Paraffins
CCCC(C)C(C)(C)C,"2,2,3-trimethylhexane",288.0,Saldana11,1,Paraffins
CCC(C)C(C)(C)C,"2,2,3-trimethylpentane",270.0,Saldana11,1,Paraffins
CC(C)(C)C(C)(C)C,"2,2,3,3-tetramethylbutane",278.0,Saldana11,1,Paraffins
CCCC(C)(C)C(C)(C)C,"2,2,3,3-tetramethylhexane",304.0,Saldana11,1,Paraffins
CCC(C)(C)C(C)(C)C,"2,2,3,3-tetramethylpentane",289.0,Saldana11,1,Paraffins
CCC(C)C(C)C(C)(C)C,"2,2,3,4-tetramethylhexane",304.0,Saldana11,1,Paraffins
CC(C)C(C)C(C)(C)C,"2,2,3,4-tetramethylpentane",284.0,Saldana11,1,Paraffins
CCC(C)CC(C)(C)C,"2,2,4-trimethylhexane",288.0,Saldana11,1,Paraffins
CC(C)CC(C)(C)C,"2,2,4-trimethylpentane",261.0,Saldana11,1,Paraffins
CCC(C)(C)CC(C)(C)C,"2,2,4,4-tetramethylhexane",304.0,Saldana11,1,Paraffins
CC(C)(C)CC(C)(C)C,"2,2,4,4-tetramethylpentane",276.0,Saldana11,1,Paraffins
CC(CC(C)(C)C)CC(C)(C)CC(C)(C)C,"2,2,4,4,6,8,8-heptamethylnonane",368.0,Saldana11,1,Paraffins
C[C@H](CC(C)(C)C)CC(C)(C)CC(C)(C)C,"2,2,4,4,6(R),8,8-heptamethylnonane",,Saldana11,1,Paraffins
C[C@@H](CC(C)(C)C)CC(C)(C)CC(C)(C)C,"2,2,4,4,6(S),8,8-heptamethylnonane",,Saldana11,1,Paraffins
CC(CC(C)(C)C)CC(C)(C)C,"2,2,4,6,6-pentamethylheptane",,Saldana11,1,Paraffins
CC(C)CCC(C)(C)C,"2,2,5-trimethylhexane",286.0,Saldana11,1,Paraffins
CC(C)(C)CCC(C)(C)C,"2,2,5,5-tetramethylhexane",289.0,Saldana11,1,Paraffins
CC(C)C(C)C,"2,3-dimethylbutane",244.0,Saldana11,1,Paraffins
CCCCCCCC(C)C(C)C,"2,3-dimethyldecane",,Saldana11,1,Paraffins
CCCCC(C)C(C)C,"2,3-dimethylheptane",288.0,Saldana11,1,Paraffins
CCCC(C)C(C)C,"2,3-dimethylhexane",278.0,Saldana11,1,Paraffins
CCCCCC(C)C(C)C,"2,3-dimethyloctane",309.0,Saldana11,1,Paraffins
CCC(C)C(C)C,"2,3-dimethylpentane",258.0,Saldana11,1,Paraffins
CCCC(C)(C)C(C)C,"2,3,3-trimethylhexane",288.0,Saldana11,1,Paraffins
CCC(C)(C)C(C)C,"2,3,3-trimethylpentane",273.0,Saldana11,1,Paraffins
CCC(C)C(C)(C)C(C)C,"2,3,3,4-tetramethylhexane",304.0,Saldana11,1,Paraffins
CC(C)C(C)(C)C(C)C,"2,3,3,4-tetramethylpentane",284.0,Saldana11,1,Paraffins
CCC(C)C(C)C(C)C,"2,3,4-trimethylhexane",288.0,Saldana11,1,Paraffins
CC(C)C(C)C(C)C,"2,3,4-trimethylpentane",273.0,Saldana11,1,Paraffins
CCC(C)(C)C(C)C(C)C,"2,3,4,4-tetramethylhexane",304.0,Saldana11,1,Paraffins
CC(C)C(C)C(C)C(C)C,"2,3,4,5-tetramethylhexane",304.0,Saldana11,1,Paraffins
CCC(C)CC(C)C(C)C,"2,3,5-trimethylheptane",304.0,Saldana11,1,Paraffins
CC(C)CC(C)C(C)C,"2,3,5-trimethylhexane",288.0,Saldana11,1,Paraffins
CC[C@@H](C)C(C)C,"2,3(R)-dimethylpentane",,Saldana11,1,Paraffins
C[C@H](C(C)C)C(C)[C@H](C)C(C)C,"2,3(R),4,5(R),6-pentamethylheptane",,Saldana11,1,Paraffins
C[C@H](C(C)C)C(C)[C@@H](C)C(C)C,"2,3(R),4,5(S),6-pentamethylheptane",,Saldana11,1,Paraffins
CC[C@H](C)C(C)C,"2,3(S)-dimethylpentane",,Saldana11,1,Paraffins
C[C@@H](C(C)C)C(C)[C@@H](C)C(C)C,"2,3(S),4,5(S),6-pentamethylheptane",,Saldana11,1,Paraffins
CCCCCCC(C)CC(C)C,"2,4-dimethyldecane",,Saldana11,1,Paraffins
CCCC(C)CC(C)C,"2,4-dimethylheptane",288.0,Saldana11,1,Paraffins
CCC(C)CC(C)C,"2,4-dimethylhexane",283.0,Saldana11,1,Paraffins
CC(C)CC(C)C,"2,4-dimethylpentane",261.0,Saldana11,1,Paraffins
CCC(C)(C)CC(C)C,"2,4,4-trimethylhexane",288.0,Saldana11,1,Paraffins
CCC(C)C(C)CC(C)C,"2,4,5-trimethylheptane",304.0,Saldana11,1,Paraffins
CC(C)CC(C)CC(C)C,"2,4,6-trimethylheptane",304.0,Saldana11,1,Paraffins
CCCCCC(C)CCC(C)C,"2,5-dimethyldecane",,Saldana11,1,Paraffins
CCC(C)CCC(C)C,"2,5-dimethylheptane",288.0,Saldana11,1,Paraffins
CC(C)CCC(C)C,"2,5-dimethylhexane",271.0,Saldana11,1,Paraffins
CCCCCC[C@@H](C)CCC(C)C,"2,5(R)-dimethylundecane",,Saldana11,1,Paraffins
CCCCCC[C@H](C)CCC(C)C,"2,5(S)-dimethylundecane",,Saldana11,1,Paraffins
CCCCC(C)CCCC(C)C,"2,6-dimethyldecane",,Saldana11,1,Paraffins
CC(C)CCCC(C)C,"2,6-dimethylheptane",299.0,Saldana11,1,Paraffins
CCC(C)CCCC(C)C,"2,6-dimethyloctane",307.0,Saldana11,1,Paraffins
CC(CCCCC(C)CCCC(C)CCCC(C)C)CCCC(C)CCCC(C)C,"2,6,10,15,19,23-hexamethyltetracosane",490.0,Saldana11,1,Paraffins
CC[C@H](CC(C)C)[C@H](CC)CC(C)C,"2,7-dimethyl-(4R,5R)-diethyloctane",,Saldana11,1,Paraffins
CC[C@H](CC(C)C)[C@@H](CC)CC(C)C,"2,7-dimethyl-(4R,5S)-diethyloctane",,Saldana11,1,Paraffins
CC[C@@H](CC(C)C)[C@@H](CC)CC(C)C,"2,7-dimethyl-(4S,5S)-diethyloctane",,Saldana11,1,Paraffins
CCCC(C)CCCCC(C)C,"2,7-dimethyldecane",,Saldana11,1,Paraffins
CC(C)CCCCC(C)C,"2,7-dimethyloctane",314.0,Saldana11,1,Paraffins
CCC(C)CCCCCC(C)C,"2,8-dimethyldecane",,Saldana11,1,Paraffins
CC(C)CCC(CCC(C)C)C(CCC(C)C)CCC(C)C,"2,9-dimethyl-5,6-diisoamyldecane",,Saldana11,1,Paraffins
CC(C)CCCCCCC(C)C,"2,9-dimethyldecane",,Saldana11,1,Paraffins
CCC(CC)C(C)C,3-ethyl-2-methylpentane,276.0,Saldana11,1,Paraffins
CCCC(CC)C(C)(C)C,"3-ethyl-2,2-dimethylhexane",311.0,Saldana11,1,Paraffins
CCC(CC)C(C)(C)C,"3-ethyl-2,2-dimethylpentane",286.0,Saldana11,1,Paraffins
CCC(C)(CC)C(C)C,"3-ethyl-2,3-dimethylpentane",288.0,Saldana11,1,Paraffins
CCC(C)(C(C)C)C(C)C,"3-ethyl-2,3,4-trimethylpentane",304.0,Saldana11,1,Paraffins
CCC(C(C)C)C(C)C,"3-ethyl-2,4-dimethylpentane",288.0,Saldana11,1,Paraffins
CCCCC(C)(CC)CC,3-ethyl-3-methylheptane,314.0,Saldana11,1,Paraffins
CCC(C)(CC)CC,3-ethyl-3-methylpentane,276.0,Saldana11,1,Paraffins
CCC(CC)C(C)CC,3-ethyl-4-methylhexane,288.0,Saldana11,1,Paraffins
CCC(C)CC(CC)CC,3-ethyl-5-methylheptane,304.0,Saldana11,1,Paraffins
CCCCCCCC(CC)CC,3-ethyldecane,,Saldana11,1,Paraffins
CCCCCCCCCC(CC)CC,3-ethyldodecane,,Saldana11,1,Paraffins
CCCCCCCCCCCCCCCCCC(CC)CC,3-ethyleicosane,,Saldana11,1,Paraffins
CCCCCCCCCCCCCCC(CC)CC,3-ethylheptadecane,,Saldana11,1,Paraffins
CCCCC(CC)CC,3-ethylheptane,,Saldana11,1,Paraffins
CCCCCCCCCCCCCC(CC)CC,3-ethylhexadecane,,Saldana11,1,Paraffins
CCCC(CC)CC,3-ethylhexane,278.0,Saldana11,1,Paraffins
CCCCCCCCCCCCCCCCC(CC)CC,3-ethylnonadecane,,Saldana11,1,Paraffins
CCCCCCC(CC)CC,3-ethylnonane,,Saldana11,1,Paraffins
CCCCCCCCCCCCCCCC(CC)CC,3-ethyloctadecane,,Saldana11,1,Paraffins
CCCCCC(CC)CC,3-ethyloctane,,Saldana11,1,Paraffins
CCCCCCCCCCCCC(CC)CC,3-ethylpentadecane,,Saldana11,1,Paraffins
CCC(CC)CC,3-ethylpentane,261.0,Saldana11,1,Paraffins
CCCCCCCCCCCC(CC)CC,3-ethyltetradecane,,Saldana11,1,Paraffins
CCCCCCCCCCC(CC)CC,3-ethyltridecane,,Saldana11,1,Paraffins
CCCCCCCCC(CC)CC,3-ethylundecane,,Saldana11,1,Paraffins
CCCCC(C)(CC)CC,3-methyl-3-ethylheptane,,Saldana11,1,Paraffins
CCCC(C)(CC)CC,3-methyl-3-ethylhexane,,Saldana11,1,Paraffins
CCCCCCCC(C)CC,3-methyldecane,,Saldana11,1,Paraffins
CCCCCCCCCC(C)CC,3-methyldodecane,,Saldana11,1,Paraffins
CCCCCCCCCCCCCCCCCC(C)CC,3-methyleicosane,,Saldana11,1,Paraffins
CCCCC(C)CC,3-methylheptane,279.0,Saldana11,1,Paraffins
CCCCCCCCCCCCCC(C)CC,3-methylhexadecane,,Saldana11,1,Paraffins
CCCC(C)CC,3-methylhexane,269.0,Saldana11,1,Paraffins
CCCCCCC(C)CC,3-methylnonane,311.0,Saldana11,1,Paraffins
CCCCCCCCCCCCCCCC(C)CC,3-methyloctadecane,,Saldana11,1,Paraffins
CCCCCC(C)CC,3-methyloctane,297.0,Saldana11,1,Paraffins
CCC(C)CC,3-methylpentane,241.0,Saldana11,1,Paraffins
CCC(CC)(CC)CC,"3,3-diethylpentane",294.0,Saldana11,1,Paraffins
CCCC(C)(C)CC,"3,3-dimethylhexane",272.0,Saldana11,1,Paraffins
CCCCCC(C)(C)CC,"3,3-dimethyloctane",314.0,Saldana11,1,Paraffins
CCC(C)(C)CC,"3,3-dimethylpentane",254.0,Saldana11,1,Paraffins
CCC(C)C(C)(C)CC,"3,3,4-trimethylhexane",288.0,Saldana11,1,Paraffins
CCC(C)(C)C(C)(C)CC,"3,3,4,4-tetramethylhexane",304.0,Saldana11,1,Paraffins
CCC(C)CC(C)(C)CC,"3,3,5-trimethylheptane",304.0,Saldana11,1,Paraffins
CCCC(C)C(C)CC,"3,4-dimethylheptane",288.0,Saldana11,1,Paraffins
CCC(C)C(C)CC,"3,4-dimethylhexane",277.0,Saldana11,1,Paraffins
CCC(C)C(C)C(C)CC,"3,4,5-trimethylheptane",304.0,Saldana11,1,Paraffins
CCC(C)CC(C)CC,"3,5-dimethylheptane",288.0,Saldana11,1,Paraffins
CCCC(C)CC(C)CC,"3,5-dimethyloctane",314.0,Saldana11,1,Paraffins
CCC(CC)[C@H](C)CC,3(R)-methyl-4-ethylhexane,,Saldana11,1,Paraffins
CCCCCCCCCCCCCC[C@H](C)CC,3(R)-methylheptadecane,,Saldana11,1,Paraffins
CCCCCCCCCCCCCCCC[C@H](C)CC,3(R)-methylnonadecane,,Saldana11,1,Paraffins
CCCCCCCCCCCC[C@H](C)CC,3(R)-methylpentadecane,,Saldana11,1,Paraffins
CCCCCCCCCCC[C@H](C)CC,3(R)-methyltetradecane,,Saldana11,1,Paraffins
CCCCCCCCCC[C@H](C)CC,3(R)-methyltridecane,,Saldana11,1,Paraffins
CCCCCCCC[C@H](C)CC,3(R)-methylundecane,,Saldana11,1,Paraffins
CCC(CC)[C@@H](C)CC,3(S)-methyl-4-ethylhexane,,Saldana11,1,Paraffins
CCCCCCCCCCCCCC[C@@H](C)CC,3(S)-methylheptadecane,,Saldana11,1,Paraffins
CCCCCCCCCCCCCCCC[C@@H](C)CC,3(S)-methylnonadecane,,Saldana11,1,Paraffins
CCCCCCCCCCCC[C@@H](C)CC,3(S)-methylpentadecane,,Saldana11,1,Paraffins
CCCCCCCCCCC[C@@H](C)CC,3(S)-methyltetradecane,,Saldana11,1,Paraffins
CCCCCCCCCC[C@@H](C)CC,3(S)-methyltridecane,,Saldana11,1,Paraffins
CCCCCCCC[C@@H](C)CC,3(S)-methylundecane,,Saldana11,1,Paraffins
CCCC(CC)C(C)CC,4-ethyl-3-methylheptane,314.0,Saldana11,1,Paraffins
CCCCCCC(CC)CCC,4-ethyldecane,,Saldana11,1,Paraffins
CCCC(CC)CCC,4-ethylheptane,288.0,Saldana11,1,Paraffins
CCCCCC(CC)CCC,4-ethylnonane,,Saldana11,1,Paraffins
CCCCC(CC)CCC,4-ethyloctane,314.0,Saldana11,1,Paraffins
CCCC(C)(CC)CCC,4-methyl-4-ethylheptane,,Saldana11,1,Paraffins
CCCC(C)C(CC)CC,4-methyl-5-ethylheptane,,Saldana11,1,Paraffins
CCCCCCC(C)CCC,4-methyldecane,,Saldana11,1,Paraffins
CCCC(C)CCC,4-methylheptane,279.0,Saldana11,1,Paraffins
CCCCCC(C)CCC,4-methylnonane,311.0,Saldana11,1,Paraffins
CCCCC(C)CCC,4-methyloctane,295.0,Saldana11,1,Paraffins
CCCCCCCC(C)CCC,4-methylundecane,,Saldana11,1,Paraffins
CCCCCCC(CCC)CCC,4-propyldecane,,Saldana11,1,Paraffins
CCCCCCCCC(CCC)CCC,4-propyldodecane,,Saldana11,1,Paraffins
CCCCCCCCCCCCCCCCC(CCC)CCC,4-propyleicosane,,Saldana11,1,Paraffins
CCCCCCCCCCCCCC(CCC)CCC,4-propylheptadecane,,Saldana11,1,Paraffins
CCCC(CCC)CCC,4-propylheptane,314.0,Saldana11,1,Paraffins
CCCCCCCCCCCCC(CCC)CCC,4-propylhexadecane,,Saldana11,1,Paraffins
CCCCCCCCCCCCCCCC(CCC)CCC,4-propylnonadecane,,Saldana11,1,Paraffins
CCCCCC(CCC)CCC,4-propylnonane,,Saldana11,1,Paraffins
CCCCCCCCCCCCCCC(CCC)CCC,4-propyloctadecane,,Saldana11,1,Paraffins
CCCCC(CCC)CCC,4-propyloctane,,Saldana11,1,Paraffins
CCCCCCCCCCCC(CCC)CCC,4-propylpentadecane,,Saldana11,1,Paraffins
CCCCCCCCCCC(CCC)CCC,4-propyltetradecane,,Saldana11,1,Paraffins
CCCCCCCCCC(CCC)CCC,4-propyltridecane,,Saldana11,1,Paraffins
CCCCCCCC(CCC)CCC,4-propylundecane,,Saldana11,1,Paraffins
CCCC(C)(C)CCC,"4,4-dimethylheptane",288.0,Saldana11,1,Paraffins
CCCCCCCC[C@H](CCC)CCCC,4(R)-butyldodecane,,Saldana11,1,Paraffins
CCCCCCCCCC[C@H](CC)CCC,4(R)-ethyltetradecane,,Saldana11,1,Paraffins
CCCCCCCCCCCCC[C@H](C)CCC,4(R)-methylheptadecane,,Saldana11,1,Paraffins
CCCCC[C@H](C)CCC,4(R)-methylnonane,,Saldana11,1,Paraffins
CCCCCCCCCCC[C@H](C)CCC,4(R)-methylpentadecane,,Saldana11,1,Paraffins
CCCCCCCC[C@@H](CCC)CCCC,4(S)-butyldodecane,,Saldana11,1,Paraffins
CCCCCCCCCC[C@@H](CC)CCC,4(S)-ethyltetradecane,,Saldana11,1,Paraffins
CCCCCCCCCCCCC[C@@H](C)CCC,4(S)-methylheptadecane,,Saldana11,1,Paraffins
CCCCC[C@@H](C)CCC,4(S)-methylnonane,,Saldana11,1,Paraffins
CCCCCCCCCCC[C@@H](C)CCC,4(S)-methylpentadecane,,Saldana11,1,Paraffins
CCCCCCCC(CCCC)CCCC,5-butyldodecane,,Saldana11,1,Paraffins
CCCCC(CCCC)CCCC,5-butylnonane,,Saldana11,1,Paraffins
CCCCC(C)CCCC,5-methylnonane,312.0,Saldana11,1,Paraffins
CCCCC(CCCC)C(CCCC)CCCC,"5,6-dibutyldecane",,Saldana11,1,Paraffins
CCCCCCCCC[C@H](CC)CCCC,5(R)-ethyltetradecane,,Saldana11,1,Paraffins
CCCCCCC[C@H](C)CCCC,5(R)-methyldodecane,,Saldana11,1,Paraffins
CCCCCCCCCCCC[C@H](C)CCCC,5(R)-methylheptadecane,,Saldana11,1,Paraffins
CCCCCCCCCC[C@H](C)CCCC,5(R)-methylpentadecane,,Saldana11,1,Paraffins
CCCCC[C@H](CCC)CCCC,5(R)-propyldecane,,Saldana11,1,Paraffins
CCCCCCCCC[C@@H](CC)CCCC,5(S)-ethyltetradecane,,Saldana11,1,Paraffins
CCCCCCC[C@@H](C)CCCC,5(S)-methyldodecane,,Saldana11,1,Paraffins
CCCCCCCCCCCC[C@@H](C)CCCC,5(S)-methylheptadecane,,Saldana11,1,Paraffins
CCCCCCCCCC[C@@H](C)CCCC,5(S)-methylpentadecane,,Saldana11,1,Paraffins
CCCCC[C@@H](CCC)CCCC,5(S)-propyldecane,,Saldana11,1,Paraffins
CCCCCC[C@H](CCCC)CCCCC,6(R)-butyldodecane,,Saldana11,1,Paraffins
CCCCCCCC[C@H](CC)CCCCC,6(R)-ethyltetradecane,,Saldana11,1,Paraffins
CCCCCCCCCCC[C@H](C)CCCCC,6(R)-methylheptadecane,,Saldana11,1,Paraffins
CCCCCCCCC[C@H](C)CCCCC,6(R)-methylpentadecane,,Saldana11,1,Paraffins
CCCCCC[C@@H](CCCC)CCCCC,6(S)-butyldodecane,,Saldana11,1,Paraffins
CCCCCCCC[C@@H](CC)CCCCC,6(S)-ethyltetradecane,,Saldana11,1,Paraffins
CCCCCCCCCCC[C@@H](C)CCCCC,6(S)-methylheptadecane,,Saldana11,1,Paraffins
CCCCCCCCC[C@@H](C)CCCCC,6(S)-methylpentadecane,,Saldana11,1,Paraffins
CCCCCCC(CCCC)CCCCCC,7-butyltridecane,,Saldana11,1,Paraffins
CCCCCCCCC(CCCCCC)CCCCCC,7-hexylpentadecane,,Saldana11,1,Paraffins
CCCCCCC(CCC)CCCCCC,7-propyltridecane,,Saldana11,1,Paraffins
CCCCCCC[C@@H](CC)CCCCCC,7(R)-ethyltetradecane,,Saldana11,1,Paraffins
CCCCCCCCCC[C@H](C)CCCCCC,7(R)-methylheptadecane,,Saldana11,1,Paraffins
CCCCCCCC[C@H](C)CCCCCC,7(R)-methylpentadecane,,Saldana11,1,Paraffins
CCCCCCC[C@H](CC)CCCCCC,7(S)-ethyltetradecane,,Saldana11,1,Paraffins
CCCCCCCCCC[C@@H](C)CCCCCC,7(S)-methylheptadecane,,Saldana11,1,Paraffins
CCCCCCCC[C@@H](C)CCCCCC,7(S)-methylpentadecane,,Saldana11,1,Paraffins
CCCCCCCC(C)CCCCCCC,8-methylpentadecane,,Saldana11,1,Paraffins
CCCCCCCC(CCC)CCCCCCC,8-propylpentadecane,,Saldana11,1,Paraffins
CCCCCCCCC[C@H](C)CCCCCCC,8(R)-methylheptadecane,,Saldana11,1,Paraffins
CCCCCCCCC[C@@H](C)CCCCCCC,8(S)-methylheptadecane,,Saldana11,1,Paraffins
CCCCCCCCC(CCCCCCC)CCCCCCCC,9-heptylheptadecane,,Saldana11,1,Paraffins
CCCCCCCCC(C)CCCCCCCC,9-methylheptadecane,,Saldana11,1,Paraffins
CC,ethane,,Saldana11,1,Paraffins
CC(C)C,isobutane,190.0,Saldana11,1,Paraffins
CCCC(C)C,isohexane,250.0,Saldana11,1,Paraffins
CCC(C)C,isopentane,217.0,Saldana11,1,Paraffins
C,methane,,Saldana11,1,Paraffins
CCCC,n-butane,,Saldana11,1,Paraffins
CCCCCCCCCC,n-decane,319.0,Saldana11,1,Paraffins
CCCCCCCCCCCC,n-dodecane,347.0,Saldana11,1,Paraffins
CCCCCCCCCCCCCCCCCCCC,n-eicosane,,Saldana11,1,Paraffins
CCCCCCCCCCCCCCCCC,n-heptadecane,421.0,Saldana11,1,Paraffins
CCCCCCC,n-heptane,269.0,Saldana11,1,Paraffins
CCCCCCCCCCCCCCCC,n-hexadecane,408.0,Saldana11,1,Paraffins
CCCCCC,n-hexane,252.0,Saldana11,1,Paraffins
CCCCCCCCCCCCCCCCCCC,n-nonadecane,441.0,Saldana11,1,Paraffins
CCCCCCCCC,n-nonane,304.0,Saldana11,1,Paraffins
CCCCCCCCCCCCCCCCCC,n-octadecane,438.0,Saldana11,1,Paraffins
CCCCCCCC,n-octane,286.0,Saldana11,1,Paraffins
CCCCCCCCCCCCCCC,n-pentadecane,388.0,Saldana11,1,Paraffins
CCCCC,n-pentane,233.0,Saldana11,1,Paraffins
CCC,n-propane,,Saldana11,1,Paraffins
CCCCCCCCCCCCCC,n-tetradecane,373.0,Saldana11,1,Paraffins
CCCCCCCCCCCCC,n-tridecane,352.0,Saldana11,1,Paraffins
CCCCCCCCCCC,n-undecane,338.0,Saldana11,1,Paraffins
